V1,Orthogroup,total,sd,mean,sp_repr,setting
2488,OG0002487,36,0.478091443733757,1,33,V3
2489,OG0002488,36,0,1,36,V3
2491,OG0002490,36,0.478091443733757,1,33,V3
2495,OG0002494,36,0.338061701891407,1,34,V3
2499,OG0002498,36,0.239045721866879,1,35,V3
2500,OG0002499,36,0.414039335605413,1,33,V3
2501,OG0002500,36,0,1,36,V3
2503,OG0002502,36,0.239045721866879,1,35,V3
2504,OG0002503,36,0.414039335605413,1,33,V3
2507,OG0002506,36,0.338061701891407,1,34,V3
2509,OG0002508,36,0.478091443733757,1,33,V3
2513,OG0002512,36,0.478091443733757,1,32,V3
2514,OG0002513,36,0.478091443733757,1,33,V3
2516,OG0002515,36,0.239045721866879,1,35,V3
2517,OG0002516,36,0.239045721866879,1,35,V3
2518,OG0002517,36,0.338061701891407,1,34,V3
2519,OG0002518,36,0.239045721866879,1,35,V3
2520,OG0002519,36,0.239045721866879,1,35,V3
2521,OG0002520,36,0.414039335605413,1,33,V3
2523,OG0002522,36,0.239045721866879,1,35,V3
2524,OG0002523,36,0.239045721866879,1,35,V3
2525,OG0002524,36,0.239045721866879,1,35,V3
2527,OG0002526,36,0.239045721866879,1,35,V3
2528,OG0002527,36,0.239045721866879,1,35,V3
2529,OG0002528,36,0.414039335605413,1,33,V3
2530,OG0002529,36,0,1,36,V3
2531,OG0002530,36,0.338061701891407,1,34,V3
2532,OG0002531,36,0.239045721866879,1,35,V3
2533,OG0002532,36,0,1,36,V3
2534,OG0002533,36,0.338061701891407,1,34,V3
2535,OG0002534,36,0.414039335605413,1,33,V3
2536,OG0002535,36,0.414039335605413,1,33,V3
2539,OG0002538,36,0.239045721866879,1,35,V3
2540,OG0002539,36,0.414039335605413,1,34,V3
2541,OG0002540,36,0.338061701891407,1,34,V3
2542,OG0002541,36,0.414039335605413,1,33,V3
2543,OG0002542,36,0.239045721866879,1,35,V3
2544,OG0002543,36,0.338061701891407,1,34,V3
2548,OG0002547,36,0.414039335605413,1,33,V3
2549,OG0002548,36,0.414039335605413,1,33,V3
2550,OG0002549,36,0.414039335605413,1,33,V3
2551,OG0002550,36,0.338061701891407,1,34,V3
2552,OG0002551,36,0.338061701891407,1,34,V3
2553,OG0002552,36,0.338061701891407,1,34,V3
2554,OG0002553,36,0.338061701891407,1,34,V3
2555,OG0002554,36,0.338061701891407,1,34,V3
2556,OG0002555,36,0.239045721866879,1,35,V3
2557,OG0002556,36,0.239045721866879,1,35,V3
2558,OG0002557,36,0.414039335605413,1,34,V3
2559,OG0002558,36,0.414039335605413,1,33,V3
2560,OG0002559,36,0.478091443733757,1,32,V3
2561,OG0002560,36,0.414039335605413,1,33,V3
2562,OG0002561,36,0.414039335605413,1,33,V3
2564,OG0002563,36,0.478091443733757,1,32,V3
2565,OG0002564,36,0.414039335605413,1,33,V3
2566,OG0002565,36,0.239045721866879,1,35,V3
2567,OG0002566,36,0.414039335605413,1,33,V3
2568,OG0002567,36,0.338061701891407,1,34,V3
2569,OG0002568,36,0.338061701891407,1,34,V3
2570,OG0002569,36,0,1,36,V3
2573,OG0002572,36,0.338061701891407,1,34,V3
2574,OG0002573,36,0.239045721866879,1,35,V3
2575,OG0002574,36,0.478091443733757,1,32,V3
2577,OG0002576,36,0.239045721866879,1,35,V3
2578,OG0002577,36,0.338061701891407,1,34,V3
2579,OG0002578,36,0.414039335605413,1,33,V3
2580,OG0002579,36,0.338061701891407,1,34,V3
2581,OG0002580,36,0.239045721866879,1,35,V3
2584,OG0002583,36,0.338061701891407,1,34,V3
2585,OG0002584,36,0.414039335605413,1,33,V3
2587,OG0002586,36,0.478091443733757,1,33,V3
2588,OG0002587,36,0.414039335605413,1,33,V3
2589,OG0002588,36,0.239045721866879,1,35,V3
2590,OG0002589,36,0.338061701891407,1,34,V3
2591,OG0002590,36,0.239045721866879,1,35,V3
2593,OG0002592,36,0.239045721866879,1,35,V3
2594,OG0002593,36,0.239045721866879,1,35,V3
2595,OG0002594,36,0.338061701891407,1,34,V3
2597,OG0002596,36,0.414039335605413,1,33,V3
2598,OG0002597,36,0.478091443733757,1,32,V3
2599,OG0002598,36,0.338061701891407,1,34,V3
2602,OG0002601,36,0,1,36,V3
2604,OG0002603,36,0.338061701891407,1,34,V3
2606,OG0002605,36,0.338061701891407,1,34,V3
2607,OG0002606,36,0.478091443733757,1,32,V3
2608,OG0002607,36,0.414039335605413,1,33,V3
2609,OG0002608,36,0.239045721866879,1,35,V3
2610,OG0002609,36,0.414039335605413,1,33,V3
2611,OG0002610,36,0.478091443733757,1,32,V3
2612,OG0002611,36,0.338061701891407,1,34,V3
2613,OG0002612,36,0.338061701891407,1,34,V3
2614,OG0002613,36,0.239045721866879,1,35,V3
2615,OG0002614,36,0.239045721866879,1,35,V3
2616,OG0002615,36,0.338061701891407,1,34,V3
2617,OG0002616,36,0.239045721866879,1,35,V3
2619,OG0002618,36,0.338061701891407,1,34,V3
2620,OG0002619,36,0.239045721866879,1,35,V3
2621,OG0002620,36,0.338061701891407,1,34,V3
2622,OG0002621,36,0.414039335605413,1,33,V3
2623,OG0002622,36,0.239045721866879,1,35,V3
2624,OG0002623,36,0.239045721866879,1,35,V3
2625,OG0002624,36,0.338061701891407,1,34,V3
2626,OG0002625,36,0.414039335605413,1,33,V3
2627,OG0002626,36,0.338061701891407,1,34,V3
2628,OG0002627,36,0.239045721866879,1,35,V3
2629,OG0002628,36,0.338061701891407,1,34,V3
2631,OG0002630,36,0.239045721866879,1,35,V3
2632,OG0002631,36,0.239045721866879,1,35,V3
2633,OG0002632,36,0.239045721866879,1,35,V3
2634,OG0002633,36,0.414039335605413,1,33,V3
2636,OG0002635,36,0.338061701891407,1,34,V3
2637,OG0002636,36,0.239045721866879,1,35,V3
2639,OG0002638,36,0.239045721866879,1,35,V3
2640,OG0002639,36,0.239045721866879,1,35,V3
2641,OG0002640,36,0.414039335605413,1,34,V3
2642,OG0002641,36,0.414039335605413,1,33,V3
2643,OG0002642,36,0.478091443733757,1,33,V3
2644,OG0002643,36,0.239045721866879,1,35,V3
2645,OG0002644,36,0.338061701891407,1,34,V3
2646,OG0002645,36,0.239045721866879,1,35,V3
2649,OG0002648,36,0.414039335605413,1,33,V3
2650,OG0002649,36,0.239045721866879,1,35,V3
2652,OG0002651,36,0.239045721866879,1,35,V3
2653,OG0002652,36,0.414039335605413,1,33,V3
2654,OG0002653,36,0.414039335605413,1,33,V3
2655,OG0002654,36,0.338061701891407,1,34,V3
2656,OG0002655,36,0.414039335605413,1,33,V3
2657,OG0002656,36,0.414039335605413,1,33,V3
2658,OG0002657,36,0.414039335605413,1,33,V3
2659,OG0002658,36,0.239045721866879,1,35,V3
2660,OG0002659,36,0.239045721866879,1,35,V3
2661,OG0002660,36,0.239045721866879,1,35,V3
2662,OG0002661,36,0.338061701891407,1,34,V3
2663,OG0002662,36,0.478091443733757,1,33,V3
2664,OG0002663,36,0.338061701891407,1,34,V3
2665,OG0002664,36,0.338061701891407,1,34,V3
2666,OG0002665,36,0.414039335605413,1,34,V3
2669,OG0002668,36,0.414039335605413,1,34,V3
2671,OG0002670,36,0.338061701891407,1,34,V3
2672,OG0002671,36,0.414039335605413,1,33,V3
2673,OG0002672,36,0.239045721866879,1,35,V3
2675,OG0002674,36,0.478091443733757,1,33,V3
2676,OG0002675,36,0.338061701891407,1,34,V3
2677,OG0002676,36,0.239045721866879,1,35,V3
2678,OG0002677,36,0.338061701891407,1,34,V3
2680,OG0002679,36,0.478091443733757,1,33,V3
2681,OG0002680,36,0.338061701891407,1,34,V3
2683,OG0002682,36,0.338061701891407,1,34,V3
2684,OG0002683,36,0.239045721866879,1,35,V3
2685,OG0002684,36,0.338061701891407,1,34,V3
2686,OG0002685,36,0.239045721866879,1,35,V3
2687,OG0002686,36,0.338061701891407,1,34,V3
2688,OG0002687,36,0.338061701891407,1,34,V3
2689,OG0002688,36,0.239045721866879,1,35,V3
2690,OG0002689,36,0.414039335605413,1,33,V3
2692,OG0002691,36,0.239045721866879,1,35,V3
2693,OG0002692,36,0,1,36,V3
2694,OG0002693,36,0.478091443733757,1,33,V3
2695,OG0002694,36,0.414039335605413,1,33,V3
2696,OG0002695,36,0.338061701891407,1,34,V3
2697,OG0002696,36,0.239045721866879,1,35,V3
2698,OG0002697,36,0,1,36,V3
2699,OG0002698,36,0.338061701891407,1,34,V3
2700,OG0002699,36,0.338061701891407,1,34,V3
2701,OG0002700,36,0.414039335605413,1,33,V3
2702,OG0002701,36,0.478091443733757,1,33,V3
2703,OG0002702,36,0.414039335605413,1,33,V3
2704,OG0002703,36,0.239045721866879,1,35,V3
2705,OG0002704,36,0.239045721866879,1,35,V3
2707,OG0002706,36,0.414039335605413,1,33,V3
2708,OG0002707,36,0.414039335605413,1,33,V3
2710,OG0002709,36,0.414039335605413,1,34,V3
2711,OG0002710,36,0.478091443733757,1,32,V3
2712,OG0002711,36,0.414039335605413,1,34,V3
2713,OG0002712,36,0.478091443733757,1,33,V3
2714,OG0002713,36,0,1,36,V3
2715,OG0002714,36,0.414039335605413,1,34,V3
2717,OG0002716,36,0.414039335605413,1,33,V3
2718,OG0002717,36,0.239045721866879,1,35,V3
2720,OG0002719,36,0.414039335605413,1,33,V3
2721,OG0002720,36,0.414039335605413,1,34,V3
2722,OG0002721,36,0.338061701891407,1,34,V3
2723,OG0002722,36,0.338061701891407,1,34,V3
2724,OG0002723,36,0.239045721866879,1,35,V3
2725,OG0002724,36,0.239045721866879,1,35,V3
2726,OG0002725,36,0.338061701891407,1,34,V3
2727,OG0002726,36,0.414039335605413,1,33,V3
2728,OG0002727,36,0.239045721866879,1,35,V3
2729,OG0002728,36,0.239045721866879,1,35,V3
2730,OG0002729,36,0.338061701891407,1,34,V3
2731,OG0002730,36,0.338061701891407,1,34,V3
2733,OG0002732,36,0.478091443733757,1,33,V3
2734,OG0002733,36,0.338061701891407,1,34,V3
2735,OG0002734,36,0.338061701891407,1,34,V3
2736,OG0002735,36,0.338061701891407,1,34,V3
2737,OG0002736,36,0.414039335605413,1,33,V3
2738,OG0002737,36,0.338061701891407,1,34,V3
2739,OG0002738,36,0,1,36,V3
2741,OG0002740,36,0.239045721866879,1,35,V3
2742,OG0002741,36,0.239045721866879,1,35,V3
2743,OG0002742,36,0.414039335605413,1,33,V3
2744,OG0002743,36,0.239045721866879,1,35,V3
2745,OG0002744,36,0,1,36,V3
2746,OG0002745,36,0,1,36,V3
2747,OG0002746,36,0.414039335605413,1,33,V3
2748,OG0002747,36,0,1,36,V3
2749,OG0002748,36,0.239045721866879,1,35,V3
2750,OG0002749,36,0.478091443733757,1,33,V3
2754,OG0002753,36,0.239045721866879,1,35,V3
2755,OG0002754,36,0.414039335605413,1,33,V3
2757,OG0002756,36,0.338061701891407,1,34,V3
2758,OG0002757,36,0.338061701891407,1,34,V3
2759,OG0002758,36,0.239045721866879,1,35,V3
2760,OG0002759,36,0.338061701891407,1,34,V3
2761,OG0002760,36,0,1,36,V3
2764,OG0002763,36,0.338061701891407,1,34,V3
2766,OG0002765,36,0.338061701891407,1,34,V3
2768,OG0002767,36,0,1,36,V3
2769,OG0002768,36,0.239045721866879,1,35,V3
2771,OG0002770,36,0.239045721866879,1,35,V3
2772,OG0002771,36,0.338061701891407,1,34,V3
2773,OG0002772,36,0.338061701891407,1,34,V3
2774,OG0002773,36,0.414039335605413,1,33,V3
2775,OG0002774,36,0.414039335605413,1,34,V3
2776,OG0002775,36,0.239045721866879,1,35,V3
2777,OG0002776,36,0.338061701891407,1,34,V3
2778,OG0002777,36,0.239045721866879,1,35,V3
2779,OG0002778,36,0,1,36,V3
2781,OG0002780,36,0.239045721866879,1,35,V3
2782,OG0002781,36,0.239045721866879,1,35,V3
2783,OG0002782,36,0.478091443733757,1,33,V3
2784,OG0002783,36,0.414039335605413,1,33,V3
2785,OG0002784,36,0.239045721866879,1,35,V3
2786,OG0002785,36,0.239045721866879,1,35,V3
2789,OG0002788,36,0.414039335605413,1,34,V3
2790,OG0002789,36,0.478091443733757,1,33,V3
2792,OG0002791,36,0.478091443733757,1,33,V3
2794,OG0002793,36,0.414039335605413,1,34,V3
2795,OG0002794,36,0.414039335605413,1,33,V3
2796,OG0002795,36,0.338061701891407,1,34,V3
2797,OG0002796,36,0,1,36,V3
2799,OG0002798,36,0.414039335605413,1,33,V3
2800,OG0002799,36,0.414039335605413,1,33,V3
2801,OG0002800,36,0.239045721866879,1,35,V3
2803,OG0002802,36,0.414039335605413,1,33,V3
2805,OG0002804,36,0,1,36,V3
2806,OG0002805,36,0,1,36,V3
2807,OG0002806,36,0.338061701891407,1,34,V3
2808,OG0002807,36,0.338061701891407,1,34,V3
2809,OG0002808,36,0,1,36,V3
2810,OG0002809,36,0.478091443733757,1,33,V3
2811,OG0002810,36,0.414039335605413,1,33,V3
2812,OG0002811,36,0.338061701891407,1,34,V3
2814,OG0002813,36,0.478091443733757,1,32,V3
2815,OG0002814,36,0.239045721866879,1,35,V3
2816,OG0002815,36,0,1,36,V3
2817,OG0002816,36,0.239045721866879,1,35,V3
2819,OG0002818,36,0.414039335605413,1,33,V3
2820,OG0002819,36,0.239045721866879,1,35,V3
2821,OG0002820,36,0.414039335605413,1,33,V3
2822,OG0002821,36,0.239045721866879,1,35,V3
2824,OG0002823,36,0.338061701891407,1,34,V3
2825,OG0002824,36,0.338061701891407,1,34,V3
2826,OG0002825,36,0.338061701891407,1,34,V3
2827,OG0002826,36,0.239045721866879,1,35,V3
2842,OG0002841,35,0.446325384900242,0.972222222222222,32,V3
2844,OG0002843,35,0.376913109434379,0.972222222222222,33,V3
2845,OG0002844,35,0.291411452967509,0.972222222222222,34,V3
2846,OG0002845,35,0.166666666666667,0.972222222222222,35,V3
2847,OG0002846,35,0.291411452967509,0.972222222222222,34,V3
2849,OG0002848,35,0.446325384900242,0.972222222222222,33,V3
2850,OG0002849,35,0.291411452967509,0.972222222222222,34,V3
2852,OG0002851,35,0.376913109434379,0.972222222222222,33,V3
2853,OG0002852,35,0.291411452967509,0.972222222222222,34,V3
2854,OG0002853,35,0.376913109434379,0.972222222222222,33,V3
2855,OG0002854,35,0.291411452967509,0.972222222222222,34,V3
2856,OG0002855,35,0.166666666666667,0.972222222222222,35,V3
2858,OG0002857,35,0.446325384900242,0.972222222222222,32,V3
2859,OG0002858,35,0.166666666666667,0.972222222222222,35,V3
2860,OG0002859,35,0.166666666666667,0.972222222222222,35,V3
2861,OG0002860,35,0.166666666666667,0.972222222222222,35,V3
2862,OG0002861,35,0.166666666666667,0.972222222222222,35,V3
2863,OG0002862,35,0.291411452967509,0.972222222222222,34,V3
2871,OG0002870,35,0.166666666666667,0.972222222222222,35,V3
2872,OG0002871,35,0.446325384900242,0.972222222222222,32,V3
2873,OG0002872,35,0.376913109434379,0.972222222222222,33,V3
2876,OG0002875,35,0.291411452967509,0.972222222222222,34,V3
2877,OG0002876,35,0.291411452967509,0.972222222222222,34,V3
2878,OG0002877,35,0.376913109434379,0.972222222222222,33,V3
2880,OG0002879,35,0.446325384900242,0.972222222222222,32,V3
2886,OG0002885,35,0.446325384900242,0.972222222222222,33,V3
2887,OG0002886,35,0.291411452967509,0.972222222222222,34,V3
2888,OG0002887,35,0.166666666666667,0.972222222222222,35,V3
2891,OG0002890,35,0.376913109434379,0.972222222222222,33,V3
2892,OG0002891,35,0.376913109434379,0.972222222222222,33,V3
2893,OG0002892,35,0.376913109434379,0.972222222222222,33,V3
2894,OG0002893,35,0.291411452967509,0.972222222222222,34,V3
2895,OG0002894,35,0.376913109434379,0.972222222222222,33,V3
2896,OG0002895,35,0.446325384900242,0.972222222222222,32,V3
2897,OG0002896,35,0.446325384900242,0.972222222222222,32,V3
2898,OG0002897,35,0.291411452967509,0.972222222222222,34,V3
2899,OG0002898,35,0.376913109434379,0.972222222222222,33,V3
2900,OG0002899,35,0.291411452967509,0.972222222222222,34,V3
2901,OG0002900,35,0.166666666666667,0.972222222222222,35,V3
2904,OG0002903,35,0.376913109434379,0.972222222222222,33,V3
2905,OG0002904,35,0.291411452967509,0.972222222222222,34,V3
2906,OG0002905,35,0.291411452967509,0.972222222222222,34,V3
2907,OG0002906,35,0.291411452967509,0.972222222222222,34,V3
2908,OG0002907,35,0.446325384900242,0.972222222222222,32,V3
2909,OG0002908,35,0.446325384900242,0.972222222222222,32,V3
2911,OG0002910,35,0.446325384900242,0.972222222222222,32,V3
2913,OG0002912,35,0.166666666666667,0.972222222222222,35,V3
2914,OG0002913,35,0.291411452967509,0.972222222222222,34,V3
2916,OG0002915,35,0.446325384900242,0.972222222222222,33,V3
2917,OG0002916,35,0.166666666666667,0.972222222222222,35,V3
2918,OG0002917,35,0.291411452967509,0.972222222222222,34,V3
2919,OG0002918,35,0.376913109434379,0.972222222222222,33,V3
2921,OG0002920,35,0.376913109434379,0.972222222222222,33,V3
2922,OG0002921,35,0.291411452967509,0.972222222222222,34,V3
2923,OG0002922,35,0.291411452967509,0.972222222222222,34,V3
2924,OG0002923,35,0.446325384900242,0.972222222222222,32,V3
2925,OG0002924,35,0.291411452967509,0.972222222222222,34,V3
2926,OG0002925,35,0.291411452967509,0.972222222222222,34,V3
2927,OG0002926,35,0.446325384900242,0.972222222222222,32,V3
2928,OG0002927,35,0.291411452967509,0.972222222222222,34,V3
2929,OG0002928,35,0.291411452967509,0.972222222222222,34,V3
2930,OG0002929,35,0.446325384900242,0.972222222222222,33,V3
2933,OG0002932,35,0.291411452967509,0.972222222222222,34,V3
2934,OG0002933,35,0.291411452967509,0.972222222222222,34,V3
2935,OG0002934,35,0.291411452967509,0.972222222222222,34,V3
2936,OG0002935,35,0.166666666666667,0.972222222222222,35,V3
2938,OG0002937,35,0.446325384900242,0.972222222222222,33,V3
2939,OG0002938,35,0.166666666666667,0.972222222222222,35,V3
2941,OG0002940,35,0.166666666666667,0.972222222222222,35,V3
2942,OG0002941,35,0.166666666666667,0.972222222222222,35,V3
2943,OG0002942,35,0.166666666666667,0.972222222222222,35,V3
2945,OG0002944,35,0.166666666666667,0.972222222222222,35,V3
2946,OG0002945,35,0.376913109434379,0.972222222222222,33,V3
2947,OG0002946,35,0.291411452967509,0.972222222222222,34,V3
2948,OG0002947,35,0.291411452967509,0.972222222222222,34,V3
2950,OG0002949,35,0.291411452967509,0.972222222222222,34,V3
2952,OG0002951,35,0.166666666666667,0.972222222222222,35,V3
2953,OG0002952,35,0.376913109434379,0.972222222222222,33,V3
2954,OG0002953,35,0.166666666666667,0.972222222222222,35,V3
2955,OG0002954,35,0.291411452967509,0.972222222222222,34,V3
2957,OG0002956,35,0.446325384900242,0.972222222222222,32,V3
2958,OG0002957,35,0.166666666666667,0.972222222222222,35,V3
2959,OG0002958,35,0.291411452967509,0.972222222222222,34,V3
2960,OG0002959,35,0.166666666666667,0.972222222222222,35,V3
2961,OG0002960,35,0.166666666666667,0.972222222222222,35,V3
2962,OG0002961,35,0.291411452967509,0.972222222222222,34,V3
2963,OG0002962,35,0.376913109434379,0.972222222222222,33,V3
2967,OG0002966,35,0.376913109434379,0.972222222222222,33,V3
2968,OG0002967,35,0.376913109434379,0.972222222222222,33,V3
2971,OG0002970,35,0.376913109434379,0.972222222222222,33,V3
2973,OG0002972,35,0.446325384900242,0.972222222222222,33,V3
2974,OG0002973,35,0.291411452967509,0.972222222222222,34,V3
2975,OG0002974,35,0.446325384900242,0.972222222222222,32,V3
2976,OG0002975,35,0.376913109434379,0.972222222222222,33,V3
2977,OG0002976,35,0.166666666666667,0.972222222222222,35,V3
2978,OG0002977,35,0.291411452967509,0.972222222222222,34,V3
2979,OG0002978,35,0.446325384900242,0.972222222222222,32,V3
2980,OG0002979,35,0.166666666666667,0.972222222222222,35,V3
2982,OG0002981,35,0.166666666666667,0.972222222222222,35,V3
2984,OG0002983,35,0.291411452967509,0.972222222222222,34,V3
2985,OG0002984,35,0.376913109434379,0.972222222222222,33,V3
2986,OG0002985,35,0.166666666666667,0.972222222222222,35,V3
2987,OG0002986,35,0.166666666666667,0.972222222222222,35,V3
2988,OG0002987,35,0.291411452967509,0.972222222222222,34,V3
2990,OG0002989,35,0.291411452967509,0.972222222222222,34,V3
2991,OG0002990,35,0.291411452967509,0.972222222222222,34,V3
2992,OG0002991,35,0.376913109434379,0.972222222222222,33,V3
2993,OG0002992,35,0.446325384900242,0.972222222222222,33,V3
2995,OG0002994,35,0.446325384900242,0.972222222222222,32,V3
2996,OG0002995,35,0.291411452967509,0.972222222222222,34,V3
2997,OG0002996,35,0.166666666666667,0.972222222222222,35,V3
2998,OG0002997,35,0.376913109434379,0.972222222222222,33,V3
2999,OG0002998,35,0.291411452967509,0.972222222222222,34,V3
3001,OG0003000,35,0.291411452967509,0.972222222222222,34,V3
3002,OG0003001,35,0.291411452967509,0.972222222222222,34,V3
3003,OG0003002,35,0.166666666666667,0.972222222222222,35,V3
3004,OG0003003,35,0.376913109434379,0.972222222222222,33,V3
3005,OG0003004,35,0.291411452967509,0.972222222222222,34,V3
3006,OG0003005,35,0.166666666666667,0.972222222222222,35,V3
3007,OG0003006,35,0.291411452967509,0.972222222222222,34,V3
3008,OG0003007,35,0.446325384900242,0.972222222222222,32,V3
3009,OG0003008,35,0.291411452967509,0.972222222222222,34,V3
3010,OG0003009,35,0.446325384900242,0.972222222222222,32,V3
3011,OG0003010,35,0.291411452967509,0.972222222222222,34,V3
3012,OG0003011,35,0.446325384900242,0.972222222222222,32,V3
3013,OG0003012,35,0.376913109434379,0.972222222222222,33,V3
3014,OG0003013,35,0.166666666666667,0.972222222222222,35,V3
3015,OG0003014,35,0.166666666666667,0.972222222222222,35,V3
3016,OG0003015,35,0.291411452967509,0.972222222222222,34,V3
3017,OG0003016,35,0.166666666666667,0.972222222222222,35,V3
3018,OG0003017,35,0.446325384900242,0.972222222222222,32,V3
3019,OG0003018,35,0.291411452967509,0.972222222222222,34,V3
3020,OG0003019,35,0.291411452967509,0.972222222222222,34,V3
3021,OG0003020,35,0.166666666666667,0.972222222222222,35,V3
3022,OG0003021,35,0.291411452967509,0.972222222222222,34,V3
3023,OG0003022,35,0.291411452967509,0.972222222222222,34,V3
3024,OG0003023,35,0.446325384900242,0.972222222222222,32,V3
3026,OG0003025,35,0.376913109434379,0.972222222222222,33,V3
3027,OG0003026,35,0.376913109434379,0.972222222222222,33,V3
3028,OG0003027,35,0.446325384900242,0.972222222222222,32,V3
3029,OG0003028,35,0.291411452967509,0.972222222222222,34,V3
3030,OG0003029,35,0.166666666666667,0.972222222222222,35,V3
3031,OG0003030,35,0.376913109434379,0.972222222222222,33,V3
3032,OG0003031,35,0.166666666666667,0.972222222222222,35,V3
3033,OG0003032,35,0.376913109434379,0.972222222222222,33,V3
3034,OG0003033,35,0.291411452967509,0.972222222222222,34,V3
3035,OG0003034,35,0.376913109434379,0.972222222222222,33,V3
3036,OG0003035,35,0.446325384900242,0.972222222222222,32,V3
3037,OG0003036,35,0.376913109434379,0.972222222222222,33,V3
3038,OG0003037,35,0.291411452967509,0.972222222222222,34,V3
3039,OG0003038,35,0.376913109434379,0.972222222222222,33,V3
3040,OG0003039,35,0.376913109434379,0.972222222222222,33,V3
3041,OG0003040,35,0.376913109434379,0.972222222222222,33,V3
3042,OG0003041,35,0.291411452967509,0.972222222222222,34,V3
3043,OG0003042,35,0.291411452967509,0.972222222222222,34,V3
3044,OG0003043,35,0.376913109434379,0.972222222222222,33,V3
3045,OG0003044,35,0.376913109434379,0.972222222222222,33,V3
3048,OG0003047,35,0.446325384900242,0.972222222222222,32,V3
3049,OG0003048,35,0.166666666666667,0.972222222222222,35,V3
3050,OG0003049,35,0.166666666666667,0.972222222222222,35,V3
3051,OG0003050,35,0.166666666666667,0.972222222222222,35,V3
3052,OG0003051,35,0.166666666666667,0.972222222222222,35,V3
3053,OG0003052,35,0.376913109434379,0.972222222222222,33,V3
3054,OG0003053,35,0.376913109434379,0.972222222222222,33,V3
3055,OG0003054,35,0.376913109434379,0.972222222222222,33,V3
3057,OG0003056,35,0.291411452967509,0.972222222222222,34,V3
3058,OG0003057,35,0.376913109434379,0.972222222222222,33,V3
3059,OG0003058,35,0.446325384900242,0.972222222222222,33,V3
3060,OG0003059,35,0.446325384900242,0.972222222222222,32,V3
3061,OG0003060,35,0.376913109434379,0.972222222222222,33,V3
3062,OG0003061,35,0.166666666666667,0.972222222222222,35,V3
3063,OG0003062,35,0.291411452967509,0.972222222222222,34,V3
3064,OG0003063,35,0.376913109434379,0.972222222222222,33,V3
3065,OG0003064,35,0.446325384900242,0.972222222222222,32,V3
3066,OG0003065,35,0.291411452967509,0.972222222222222,34,V3
3067,OG0003066,35,0.376913109434379,0.972222222222222,33,V3
3068,OG0003067,35,0.376913109434379,0.972222222222222,33,V3
3069,OG0003068,35,0.291411452967509,0.972222222222222,34,V3
3070,OG0003069,35,0.446325384900242,0.972222222222222,32,V3
3071,OG0003070,35,0.291411452967509,0.972222222222222,34,V3
3072,OG0003071,35,0.376913109434379,0.972222222222222,33,V3
3073,OG0003072,35,0.166666666666667,0.972222222222222,35,V3
3074,OG0003073,35,0.446325384900242,0.972222222222222,33,V3
3075,OG0003074,35,0.446325384900242,0.972222222222222,32,V3
3076,OG0003075,35,0.166666666666667,0.972222222222222,35,V3
3077,OG0003076,35,0.446325384900242,0.972222222222222,33,V3
3078,OG0003077,35,0.446325384900242,0.972222222222222,32,V3
3079,OG0003078,35,0.446325384900242,0.972222222222222,32,V3
3080,OG0003079,35,0.376913109434379,0.972222222222222,33,V3
3081,OG0003080,35,0.446325384900242,0.972222222222222,33,V3
3082,OG0003081,35,0.166666666666667,0.972222222222222,35,V3
3084,OG0003083,35,0.291411452967509,0.972222222222222,34,V3
3085,OG0003084,35,0.291411452967509,0.972222222222222,34,V3
3086,OG0003085,35,0.446325384900242,0.972222222222222,32,V3
3088,OG0003087,35,0.166666666666667,0.972222222222222,35,V3
3089,OG0003088,35,0.291411452967509,0.972222222222222,34,V3
3090,OG0003089,35,0.166666666666667,0.972222222222222,35,V3
3091,OG0003090,35,0.376913109434379,0.972222222222222,33,V3
3092,OG0003091,35,0.376913109434379,0.972222222222222,33,V3
3093,OG0003092,35,0.291411452967509,0.972222222222222,34,V3
3094,OG0003093,35,0.291411452967509,0.972222222222222,34,V3
3095,OG0003094,35,0.291411452967509,0.972222222222222,34,V3
3096,OG0003095,35,0.376913109434379,0.972222222222222,33,V3
3097,OG0003096,35,0.291411452967509,0.972222222222222,34,V3
3098,OG0003097,35,0.166666666666667,0.972222222222222,35,V3
3099,OG0003098,35,0.291411452967509,0.972222222222222,34,V3
3100,OG0003099,35,0.166666666666667,0.972222222222222,35,V3
3102,OG0003101,35,0.166666666666667,0.972222222222222,35,V3
3104,OG0003103,35,0.376913109434379,0.972222222222222,33,V3
3105,OG0003104,35,0.166666666666667,0.972222222222222,35,V3
3106,OG0003105,35,0.291411452967509,0.972222222222222,34,V3
3107,OG0003106,35,0.291411452967509,0.972222222222222,34,V3
3108,OG0003107,35,0.446325384900242,0.972222222222222,32,V3
3110,OG0003109,35,0.446325384900242,0.972222222222222,32,V3
3113,OG0003112,35,0.376913109434379,0.972222222222222,33,V3
3114,OG0003113,35,0.376913109434379,0.972222222222222,33,V3
3115,OG0003114,35,0.166666666666667,0.972222222222222,35,V3
3116,OG0003115,35,0.376913109434379,0.972222222222222,33,V3
3117,OG0003116,35,0.166666666666667,0.972222222222222,35,V3
3118,OG0003117,35,0.376913109434379,0.972222222222222,33,V3
3121,OG0003120,35,0.166666666666667,0.972222222222222,35,V3
3123,OG0003122,35,0.376913109434379,0.972222222222222,33,V3
3125,OG0003124,35,0.166666666666667,0.972222222222222,35,V3
3126,OG0003125,35,0.376913109434379,0.972222222222222,33,V3
3127,OG0003126,35,0.291411452967509,0.972222222222222,34,V3
3129,OG0003128,35,0.376913109434379,0.972222222222222,33,V3
3130,OG0003129,35,0.166666666666667,0.972222222222222,35,V3
3131,OG0003130,35,0.291411452967509,0.972222222222222,34,V3
3132,OG0003131,35,0.291411452967509,0.972222222222222,34,V3
3133,OG0003132,35,0.291411452967509,0.972222222222222,34,V3
3135,OG0003134,35,0.166666666666667,0.972222222222222,35,V3
3136,OG0003135,35,0.376913109434379,0.972222222222222,33,V3
3137,OG0003136,35,0.376913109434379,0.972222222222222,33,V3
3140,OG0003139,35,0.376913109434379,0.972222222222222,33,V3
3141,OG0003140,35,0.291411452967509,0.972222222222222,34,V3
3145,OG0003144,35,0.166666666666667,0.972222222222222,35,V3
3146,OG0003145,35,0.291411452967509,0.972222222222222,34,V3
3147,OG0003146,35,0.166666666666667,0.972222222222222,35,V3
3148,OG0003147,35,0.291411452967509,0.972222222222222,34,V3
3149,OG0003148,35,0.291411452967509,0.972222222222222,34,V3
3150,OG0003149,35,0.376913109434379,0.972222222222222,33,V3
3151,OG0003150,35,0.376913109434379,0.972222222222222,33,V3
3152,OG0003151,35,0.291411452967509,0.972222222222222,34,V3
3153,OG0003152,35,0.166666666666667,0.972222222222222,35,V3
3154,OG0003153,35,0.166666666666667,0.972222222222222,35,V3
3155,OG0003154,35,0.376913109434379,0.972222222222222,33,V3
3156,OG0003155,35,0.376913109434379,0.972222222222222,33,V3
3157,OG0003156,35,0.291411452967509,0.972222222222222,34,V3
3158,OG0003157,35,0.166666666666667,0.972222222222222,35,V3
3159,OG0003158,35,0.166666666666667,0.972222222222222,35,V3
3160,OG0003159,35,0.166666666666667,0.972222222222222,35,V3
3161,OG0003160,35,0.166666666666667,0.972222222222222,35,V3
3162,OG0003161,35,0.166666666666667,0.972222222222222,35,V3
3163,OG0003162,35,0.291411452967509,0.972222222222222,34,V3
3164,OG0003163,35,0.166666666666667,0.972222222222222,35,V3
3165,OG0003164,35,0.291411452967509,0.972222222222222,34,V3
3166,OG0003165,35,0.291411452967509,0.972222222222222,34,V3
3167,OG0003166,35,0.166666666666667,0.972222222222222,35,V3
3169,OG0003168,35,0.291411452967509,0.972222222222222,34,V3
3170,OG0003169,35,0.166666666666667,0.972222222222222,35,V3
3171,OG0003170,35,0.291411452967509,0.972222222222222,34,V3
3172,OG0003171,35,0.376913109434379,0.972222222222222,33,V3
3174,OG0003173,35,0.166666666666667,0.972222222222222,35,V3
3175,OG0003174,35,0.291411452967509,0.972222222222222,34,V3
3176,OG0003175,35,0.446325384900242,0.972222222222222,32,V3
3177,OG0003176,35,0.291411452967509,0.972222222222222,34,V3
3178,OG0003177,35,0.166666666666667,0.972222222222222,35,V3
3179,OG0003178,35,0.166666666666667,0.972222222222222,35,V3
3180,OG0003179,35,0.291411452967509,0.972222222222222,34,V3
3182,OG0003181,35,0.376913109434379,0.972222222222222,33,V3
3183,OG0003182,35,0.291411452967509,0.972222222222222,34,V3
3184,OG0003183,35,0.166666666666667,0.972222222222222,35,V3
3185,OG0003184,35,0.291411452967509,0.972222222222222,34,V3
3187,OG0003186,35,0.291411452967509,0.972222222222222,34,V3
3188,OG0003187,35,0.446325384900242,0.972222222222222,33,V3
3189,OG0003188,35,0.166666666666667,0.972222222222222,35,V3
3191,OG0003190,35,0.166666666666667,0.972222222222222,35,V3
3194,OG0003193,35,0.446325384900242,0.972222222222222,32,V3
3195,OG0003194,35,0.376913109434379,0.972222222222222,33,V3
3196,OG0003195,35,0.166666666666667,0.972222222222222,35,V3
3197,OG0003196,35,0.376913109434379,0.972222222222222,33,V3
3199,OG0003198,35,0.446325384900242,0.972222222222222,32,V3
3200,OG0003199,35,0.166666666666667,0.972222222222222,35,V3
3201,OG0003200,35,0.291411452967509,0.972222222222222,34,V3
3202,OG0003201,35,0.166666666666667,0.972222222222222,35,V3
3203,OG0003202,35,0.166666666666667,0.972222222222222,35,V3
3204,OG0003203,35,0.166666666666667,0.972222222222222,35,V3
3205,OG0003204,35,0.291411452967509,0.972222222222222,34,V3
3206,OG0003205,35,0.166666666666667,0.972222222222222,35,V3
3208,OG0003207,35,0.166666666666667,0.972222222222222,35,V3
3209,OG0003208,35,0.291411452967509,0.972222222222222,34,V3
3210,OG0003209,35,0.291411452967509,0.972222222222222,34,V3
3211,OG0003210,35,0.291411452967509,0.972222222222222,34,V3
3212,OG0003211,35,0.291411452967509,0.972222222222222,34,V3
3214,OG0003213,35,0.291411452967509,0.972222222222222,34,V3
3215,OG0003214,35,0.446325384900242,0.972222222222222,32,V3
3216,OG0003215,35,0.166666666666667,0.972222222222222,35,V3
3217,OG0003216,35,0.376913109434379,0.972222222222222,33,V3
3218,OG0003217,35,0.166666666666667,0.972222222222222,35,V3
3219,OG0003218,35,0.376913109434379,0.972222222222222,33,V3
3223,OG0003222,35,0.291411452967509,0.972222222222222,34,V3
3225,OG0003224,35,0.291411452967509,0.972222222222222,34,V3
3226,OG0003225,35,0.376913109434379,0.972222222222222,33,V3
3227,OG0003226,35,0.376913109434379,0.972222222222222,33,V3
3228,OG0003227,35,0.166666666666667,0.972222222222222,35,V3
3229,OG0003228,35,0.291411452967509,0.972222222222222,34,V3
3231,OG0003230,35,0.376913109434379,0.972222222222222,33,V3
3234,OG0003233,35,0.291411452967509,0.972222222222222,34,V3
3237,OG0003236,35,0.446325384900242,0.972222222222222,32,V3
3238,OG0003237,35,0.446325384900242,0.972222222222222,32,V3
3239,OG0003238,35,0.291411452967509,0.972222222222222,34,V3
3241,OG0003240,35,0.446325384900242,0.972222222222222,32,V3
3242,OG0003241,35,0.376913109434379,0.972222222222222,33,V3
3249,OG0003248,35,0.446325384900242,0.972222222222222,32,V3
3250,OG0003249,35,0.376913109434379,0.972222222222222,33,V3
3251,OG0003250,35,0.446325384900242,0.972222222222222,33,V3
3252,OG0003251,35,0.376913109434379,0.972222222222222,33,V3
3255,OG0003254,35,0.376913109434379,0.972222222222222,33,V3
3259,OG0003258,35,0.446325384900242,0.972222222222222,32,V3
3276,OG0003275,34,0.333333333333333,0.944444444444444,33,V3
3280,OG0003279,34,0.410187723187772,0.944444444444444,32,V3
3281,OG0003280,34,0.410187723187772,0.944444444444444,32,V3
3282,OG0003281,34,0.410187723187772,0.944444444444444,32,V3
3284,OG0003283,34,0.474759755451982,0.944444444444444,31,V3
3285,OG0003284,34,0.232310684145723,0.944444444444444,34,V3
3287,OG0003286,34,0.474759755451982,0.944444444444444,31,V3
3290,OG0003289,34,0.333333333333333,0.944444444444444,33,V3
3291,OG0003290,34,0.410187723187772,0.944444444444444,32,V3
3293,OG0003292,34,0.410187723187772,0.944444444444444,32,V3
3294,OG0003293,34,0.333333333333333,0.944444444444444,33,V3
3295,OG0003294,34,0.474759755451982,0.944444444444444,32,V3
3296,OG0003295,34,0.410187723187772,0.944444444444444,32,V3
3299,OG0003298,34,0.474759755451982,0.944444444444444,31,V3
3300,OG0003299,34,0.474759755451982,0.944444444444444,32,V3
3301,OG0003300,34,0.474759755451982,0.944444444444444,31,V3
3303,OG0003302,34,0.410187723187772,0.944444444444444,32,V3
3304,OG0003303,34,0.410187723187772,0.944444444444444,32,V3
3305,OG0003304,34,0.333333333333333,0.944444444444444,33,V3
3306,OG0003305,34,0.333333333333333,0.944444444444444,33,V3
3310,OG0003309,34,0.232310684145723,0.944444444444444,34,V3
3311,OG0003310,34,0.232310684145723,0.944444444444444,34,V3
3312,OG0003311,34,0.474759755451982,0.944444444444444,31,V3
3313,OG0003312,34,0.333333333333333,0.944444444444444,33,V3
3314,OG0003313,34,0.333333333333333,0.944444444444444,33,V3
3315,OG0003314,34,0.333333333333333,0.944444444444444,33,V3
3317,OG0003316,34,0.410187723187772,0.944444444444444,32,V3
3318,OG0003317,34,0.232310684145723,0.944444444444444,34,V3
3319,OG0003318,34,0.333333333333333,0.944444444444444,33,V3
3321,OG0003320,34,0.232310684145723,0.944444444444444,34,V3
3322,OG0003321,34,0.410187723187772,0.944444444444444,32,V3
3324,OG0003323,34,0.333333333333333,0.944444444444444,33,V3
3325,OG0003324,34,0.410187723187772,0.944444444444444,32,V3
3326,OG0003325,34,0.232310684145723,0.944444444444444,34,V3
3327,OG0003326,34,0.232310684145723,0.944444444444444,34,V3
3329,OG0003328,34,0.333333333333333,0.944444444444444,33,V3
3330,OG0003329,34,0.232310684145723,0.944444444444444,34,V3
3331,OG0003330,34,0.232310684145723,0.944444444444444,34,V3
3333,OG0003332,34,0.410187723187772,0.944444444444444,32,V3
3334,OG0003333,34,0.232310684145723,0.944444444444444,34,V3
3335,OG0003334,34,0.333333333333333,0.944444444444444,33,V3
3336,OG0003335,34,0.474759755451982,0.944444444444444,31,V3
3337,OG0003336,34,0.232310684145723,0.944444444444444,34,V3
3339,OG0003338,34,0.232310684145723,0.944444444444444,34,V3
3340,OG0003339,34,0.333333333333333,0.944444444444444,33,V3
3341,OG0003340,34,0.474759755451982,0.944444444444444,31,V3
3342,OG0003341,34,0.232310684145723,0.944444444444444,34,V3
3343,OG0003342,34,0.232310684145723,0.944444444444444,34,V3
3344,OG0003343,34,0.333333333333333,0.944444444444444,33,V3
3346,OG0003345,34,0.474759755451982,0.944444444444444,31,V3
3347,OG0003346,34,0.410187723187772,0.944444444444444,32,V3
3348,OG0003347,34,0.232310684145723,0.944444444444444,34,V3
3351,OG0003350,34,0.333333333333333,0.944444444444444,33,V3
3352,OG0003351,34,0.333333333333333,0.944444444444444,33,V3
3353,OG0003352,34,0.410187723187772,0.944444444444444,32,V3
3354,OG0003353,34,0.410187723187772,0.944444444444444,32,V3
3355,OG0003354,34,0.232310684145723,0.944444444444444,34,V3
3356,OG0003355,34,0.232310684145723,0.944444444444444,34,V3
3357,OG0003356,34,0.410187723187772,0.944444444444444,32,V3
3360,OG0003359,34,0.474759755451982,0.944444444444444,32,V3
3361,OG0003360,34,0.410187723187772,0.944444444444444,32,V3
3363,OG0003362,34,0.232310684145723,0.944444444444444,34,V3
3365,OG0003364,34,0.474759755451982,0.944444444444444,32,V3
3366,OG0003365,34,0.232310684145723,0.944444444444444,34,V3
3368,OG0003367,34,0.410187723187772,0.944444444444444,32,V3
3369,OG0003368,34,0.333333333333333,0.944444444444444,33,V3
3370,OG0003369,34,0.410187723187772,0.944444444444444,32,V3
3373,OG0003372,34,0.474759755451982,0.944444444444444,31,V3
3374,OG0003373,34,0.232310684145723,0.944444444444444,34,V3
3375,OG0003374,34,0.232310684145723,0.944444444444444,34,V3
3376,OG0003375,34,0.232310684145723,0.944444444444444,34,V3
3377,OG0003376,34,0.410187723187772,0.944444444444444,32,V3
3378,OG0003377,34,0.410187723187772,0.944444444444444,32,V3
3380,OG0003379,34,0.333333333333333,0.944444444444444,33,V3
3382,OG0003381,34,0.232310684145723,0.944444444444444,34,V3
3383,OG0003382,34,0.333333333333333,0.944444444444444,33,V3
3385,OG0003384,34,0.232310684145723,0.944444444444444,34,V3
3386,OG0003385,34,0.333333333333333,0.944444444444444,33,V3
3387,OG0003386,34,0.333333333333333,0.944444444444444,33,V3
3388,OG0003387,34,0.474759755451982,0.944444444444444,31,V3
3389,OG0003388,34,0.333333333333333,0.944444444444444,33,V3
3390,OG0003389,34,0.333333333333333,0.944444444444444,33,V3
3392,OG0003391,34,0.333333333333333,0.944444444444444,33,V3
3393,OG0003392,34,0.410187723187772,0.944444444444444,32,V3
3394,OG0003393,34,0.333333333333333,0.944444444444444,33,V3
3395,OG0003394,34,0.232310684145723,0.944444444444444,34,V3
3396,OG0003395,34,0.232310684145723,0.944444444444444,34,V3
3397,OG0003396,34,0.333333333333333,0.944444444444444,33,V3
3398,OG0003397,34,0.232310684145723,0.944444444444444,34,V3
3399,OG0003398,34,0.232310684145723,0.944444444444444,34,V3
3400,OG0003399,34,0.232310684145723,0.944444444444444,34,V3
3401,OG0003400,34,0.333333333333333,0.944444444444444,33,V3
3402,OG0003401,34,0.410187723187772,0.944444444444444,32,V3
3403,OG0003402,34,0.232310684145723,0.944444444444444,34,V3
3406,OG0003405,34,0.333333333333333,0.944444444444444,33,V3
3408,OG0003407,34,0.333333333333333,0.944444444444444,33,V3
3409,OG0003408,34,0.232310684145723,0.944444444444444,34,V3
3410,OG0003409,34,0.410187723187772,0.944444444444444,32,V3
3412,OG0003411,34,0.333333333333333,0.944444444444444,33,V3
3413,OG0003412,34,0.410187723187772,0.944444444444444,32,V3
3414,OG0003413,34,0.232310684145723,0.944444444444444,34,V3
3415,OG0003414,34,0.232310684145723,0.944444444444444,34,V3
3416,OG0003415,34,0.333333333333333,0.944444444444444,33,V3
3417,OG0003416,34,0.232310684145723,0.944444444444444,34,V3
3419,OG0003418,34,0.232310684145723,0.944444444444444,34,V3
3420,OG0003419,34,0.333333333333333,0.944444444444444,33,V3
3421,OG0003420,34,0.232310684145723,0.944444444444444,34,V3
3422,OG0003421,34,0.410187723187772,0.944444444444444,32,V3
3423,OG0003422,34,0.333333333333333,0.944444444444444,33,V3
3424,OG0003423,34,0.232310684145723,0.944444444444444,34,V3
3425,OG0003424,34,0.232310684145723,0.944444444444444,34,V3
3426,OG0003425,34,0.232310684145723,0.944444444444444,34,V3
3427,OG0003426,34,0.232310684145723,0.944444444444444,34,V3
3428,OG0003427,34,0.232310684145723,0.944444444444444,34,V3
3429,OG0003428,34,0.410187723187772,0.944444444444444,32,V3
3430,OG0003429,34,0.410187723187772,0.944444444444444,32,V3
3432,OG0003431,34,0.333333333333333,0.944444444444444,33,V3
3433,OG0003432,34,0.232310684145723,0.944444444444444,34,V3
3434,OG0003433,34,0.232310684145723,0.944444444444444,34,V3
3435,OG0003434,34,0.232310684145723,0.944444444444444,34,V3
3437,OG0003436,34,0.410187723187772,0.944444444444444,32,V3
3438,OG0003437,34,0.410187723187772,0.944444444444444,32,V3
3439,OG0003438,34,0.232310684145723,0.944444444444444,34,V3
3440,OG0003439,34,0.232310684145723,0.944444444444444,34,V3
3441,OG0003440,34,0.232310684145723,0.944444444444444,34,V3
3442,OG0003441,34,0.333333333333333,0.944444444444444,33,V3
3443,OG0003442,34,0.410187723187772,0.944444444444444,32,V3
3444,OG0003443,34,0.232310684145723,0.944444444444444,34,V3
3445,OG0003444,34,0.232310684145723,0.944444444444444,34,V3
3446,OG0003445,34,0.333333333333333,0.944444444444444,33,V3
3447,OG0003446,34,0.333333333333333,0.944444444444444,33,V3
3448,OG0003447,34,0.232310684145723,0.944444444444444,34,V3
3449,OG0003448,34,0.410187723187772,0.944444444444444,32,V3
3450,OG0003449,34,0.410187723187772,0.944444444444444,32,V3
3452,OG0003451,34,0.232310684145723,0.944444444444444,34,V3
3453,OG0003452,34,0.232310684145723,0.944444444444444,34,V3
3454,OG0003453,34,0.333333333333333,0.944444444444444,33,V3
3455,OG0003454,34,0.333333333333333,0.944444444444444,33,V3
3456,OG0003455,34,0.333333333333333,0.944444444444444,33,V3
3457,OG0003456,34,0.232310684145723,0.944444444444444,34,V3
3458,OG0003457,34,0.232310684145723,0.944444444444444,34,V3
3459,OG0003458,34,0.232310684145723,0.944444444444444,34,V3
3460,OG0003459,34,0.333333333333333,0.944444444444444,33,V3
3461,OG0003460,34,0.410187723187772,0.944444444444444,32,V3
3462,OG0003461,34,0.232310684145723,0.944444444444444,34,V3
3463,OG0003462,34,0.232310684145723,0.944444444444444,34,V3
3464,OG0003463,34,0.410187723187772,0.944444444444444,32,V3
3465,OG0003464,34,0.333333333333333,0.944444444444444,33,V3
3466,OG0003465,34,0.232310684145723,0.944444444444444,34,V3
3467,OG0003466,34,0.333333333333333,0.944444444444444,33,V3
3468,OG0003467,34,0.410187723187772,0.944444444444444,32,V3
3469,OG0003468,34,0.333333333333333,0.944444444444444,33,V3
3470,OG0003469,34,0.333333333333333,0.944444444444444,33,V3
3471,OG0003470,34,0.333333333333333,0.944444444444444,33,V3
3472,OG0003471,34,0.333333333333333,0.944444444444444,33,V3
3473,OG0003472,34,0.410187723187772,0.944444444444444,32,V3
3474,OG0003473,34,0.333333333333333,0.944444444444444,33,V3
3475,OG0003474,34,0.232310684145723,0.944444444444444,34,V3
3476,OG0003475,34,0.232310684145723,0.944444444444444,34,V3
3477,OG0003476,34,0.333333333333333,0.944444444444444,33,V3
3478,OG0003477,34,0.333333333333333,0.944444444444444,33,V3
3480,OG0003479,34,0.474759755451982,0.944444444444444,32,V3
3481,OG0003480,34,0.333333333333333,0.944444444444444,33,V3
3482,OG0003481,34,0.232310684145723,0.944444444444444,34,V3
3483,OG0003482,34,0.333333333333333,0.944444444444444,33,V3
3484,OG0003483,34,0.410187723187772,0.944444444444444,32,V3
3485,OG0003484,34,0.333333333333333,0.944444444444444,33,V3
3486,OG0003485,34,0.333333333333333,0.944444444444444,33,V3
3487,OG0003486,34,0.232310684145723,0.944444444444444,34,V3
3488,OG0003487,34,0.410187723187772,0.944444444444444,32,V3
3489,OG0003488,34,0.333333333333333,0.944444444444444,33,V3
3490,OG0003489,34,0.410187723187772,0.944444444444444,32,V3
3491,OG0003490,34,0.232310684145723,0.944444444444444,34,V3
3492,OG0003491,34,0.232310684145723,0.944444444444444,34,V3
3493,OG0003492,34,0.333333333333333,0.944444444444444,33,V3
3494,OG0003493,34,0.232310684145723,0.944444444444444,34,V3
3495,OG0003494,34,0.232310684145723,0.944444444444444,34,V3
3496,OG0003495,34,0.232310684145723,0.944444444444444,34,V3
3497,OG0003496,34,0.232310684145723,0.944444444444444,34,V3
3498,OG0003497,34,0.333333333333333,0.944444444444444,33,V3
3500,OG0003499,34,0.333333333333333,0.944444444444444,33,V3
3501,OG0003500,34,0.232310684145723,0.944444444444444,34,V3
3502,OG0003501,34,0.410187723187772,0.944444444444444,32,V3
3503,OG0003502,34,0.333333333333333,0.944444444444444,33,V3
3504,OG0003503,34,0.333333333333333,0.944444444444444,33,V3
3505,OG0003504,34,0.232310684145723,0.944444444444444,34,V3
3506,OG0003505,34,0.333333333333333,0.944444444444444,33,V3
3507,OG0003506,34,0.232310684145723,0.944444444444444,34,V3
3510,OG0003509,34,0.232310684145723,0.944444444444444,34,V3
3511,OG0003510,34,0.333333333333333,0.944444444444444,33,V3
3512,OG0003511,34,0.232310684145723,0.944444444444444,34,V3
3514,OG0003513,34,0.410187723187772,0.944444444444444,32,V3
3515,OG0003514,34,0.232310684145723,0.944444444444444,34,V3
3517,OG0003516,34,0.232310684145723,0.944444444444444,34,V3
3518,OG0003517,34,0.232310684145723,0.944444444444444,34,V3
3520,OG0003519,34,0.232310684145723,0.944444444444444,34,V3
3521,OG0003520,34,0.232310684145723,0.944444444444444,34,V3
3522,OG0003521,34,0.232310684145723,0.944444444444444,34,V3
3523,OG0003522,34,0.232310684145723,0.944444444444444,34,V3
3524,OG0003523,34,0.232310684145723,0.944444444444444,34,V3
3526,OG0003525,34,0.232310684145723,0.944444444444444,34,V3
3527,OG0003526,34,0.474759755451982,0.944444444444444,32,V3
3528,OG0003527,34,0.410187723187772,0.944444444444444,32,V3
3529,OG0003528,34,0.333333333333333,0.944444444444444,33,V3
3530,OG0003529,34,0.333333333333333,0.944444444444444,33,V3
3531,OG0003530,34,0.333333333333333,0.944444444444444,33,V3
3532,OG0003531,34,0.232310684145723,0.944444444444444,34,V3
3533,OG0003532,34,0.474759755451982,0.944444444444444,32,V3
3534,OG0003533,34,0.232310684145723,0.944444444444444,34,V3
3535,OG0003534,34,0.333333333333333,0.944444444444444,33,V3
3536,OG0003535,34,0.333333333333333,0.944444444444444,33,V3
3537,OG0003536,34,0.232310684145723,0.944444444444444,34,V3
3538,OG0003537,34,0.232310684145723,0.944444444444444,34,V3
3539,OG0003538,34,0.333333333333333,0.944444444444444,33,V3
3540,OG0003539,34,0.333333333333333,0.944444444444444,33,V3
3541,OG0003540,34,0.333333333333333,0.944444444444444,33,V3
3542,OG0003541,34,0.232310684145723,0.944444444444444,34,V3
3543,OG0003542,34,0.333333333333333,0.944444444444444,33,V3
3544,OG0003543,34,0.333333333333333,0.944444444444444,33,V3
3545,OG0003544,34,0.474759755451982,0.944444444444444,31,V3
3547,OG0003546,34,0.333333333333333,0.944444444444444,33,V3
3548,OG0003547,34,0.410187723187772,0.944444444444444,32,V3
3549,OG0003548,34,0.232310684145723,0.944444444444444,34,V3
3550,OG0003549,34,0.232310684145723,0.944444444444444,34,V3
3551,OG0003550,34,0.232310684145723,0.944444444444444,34,V3
3552,OG0003551,34,0.333333333333333,0.944444444444444,33,V3
3554,OG0003553,34,0.232310684145723,0.944444444444444,34,V3
3555,OG0003554,34,0.333333333333333,0.944444444444444,33,V3
3556,OG0003555,34,0.333333333333333,0.944444444444444,33,V3
3557,OG0003556,34,0.232310684145723,0.944444444444444,34,V3
3558,OG0003557,34,0.232310684145723,0.944444444444444,34,V3
3559,OG0003558,34,0.232310684145723,0.944444444444444,34,V3
3560,OG0003559,34,0.410187723187772,0.944444444444444,32,V3
3561,OG0003560,34,0.232310684145723,0.944444444444444,34,V3
3562,OG0003561,34,0.232310684145723,0.944444444444444,34,V3
3563,OG0003562,34,0.232310684145723,0.944444444444444,34,V3
3565,OG0003564,34,0.232310684145723,0.944444444444444,34,V3
3566,OG0003565,34,0.232310684145723,0.944444444444444,34,V3
3567,OG0003566,34,0.333333333333333,0.944444444444444,33,V3
3568,OG0003567,34,0.333333333333333,0.944444444444444,33,V3
3569,OG0003568,34,0.232310684145723,0.944444444444444,34,V3
3570,OG0003569,34,0.333333333333333,0.944444444444444,33,V3
3571,OG0003570,34,0.333333333333333,0.944444444444444,33,V3
3572,OG0003571,34,0.232310684145723,0.944444444444444,34,V3
3573,OG0003572,34,0.232310684145723,0.944444444444444,34,V3
3574,OG0003573,34,0.333333333333333,0.944444444444444,33,V3
3575,OG0003574,34,0.232310684145723,0.944444444444444,34,V3
3577,OG0003576,34,0.232310684145723,0.944444444444444,34,V3
3578,OG0003577,34,0.410187723187772,0.944444444444444,32,V3
3579,OG0003578,34,0.232310684145723,0.944444444444444,34,V3
3580,OG0003579,34,0.333333333333333,0.944444444444444,33,V3
3581,OG0003580,34,0.333333333333333,0.944444444444444,33,V3
3583,OG0003582,34,0.232310684145723,0.944444444444444,34,V3
3584,OG0003583,34,0.232310684145723,0.944444444444444,34,V3
3585,OG0003584,34,0.333333333333333,0.944444444444444,33,V3
3586,OG0003585,34,0.410187723187772,0.944444444444444,32,V3
3587,OG0003586,34,0.333333333333333,0.944444444444444,33,V3
3588,OG0003587,34,0.410187723187772,0.944444444444444,32,V3
3589,OG0003588,34,0.333333333333333,0.944444444444444,33,V3
3590,OG0003589,34,0.333333333333333,0.944444444444444,33,V3
3591,OG0003590,34,0.474759755451982,0.944444444444444,32,V3
3593,OG0003592,34,0.232310684145723,0.944444444444444,34,V3
3594,OG0003593,34,0.232310684145723,0.944444444444444,34,V3
3595,OG0003594,34,0.333333333333333,0.944444444444444,33,V3
3596,OG0003595,34,0.232310684145723,0.944444444444444,34,V3
3597,OG0003596,34,0.333333333333333,0.944444444444444,33,V3
3600,OG0003599,34,0.232310684145723,0.944444444444444,34,V3
3602,OG0003601,34,0.333333333333333,0.944444444444444,33,V3
3603,OG0003602,34,0.232310684145723,0.944444444444444,34,V3
3605,OG0003604,34,0.232310684145723,0.944444444444444,34,V3
3606,OG0003605,34,0.333333333333333,0.944444444444444,33,V3
3607,OG0003606,34,0.333333333333333,0.944444444444444,33,V3
3608,OG0003607,34,0.232310684145723,0.944444444444444,34,V3
3609,OG0003608,34,0.232310684145723,0.944444444444444,34,V3
3610,OG0003609,34,0.333333333333333,0.944444444444444,33,V3
3611,OG0003610,34,0.232310684145723,0.944444444444444,34,V3
3612,OG0003611,34,0.232310684145723,0.944444444444444,34,V3
3613,OG0003612,34,0.232310684145723,0.944444444444444,34,V3
3614,OG0003613,34,0.410187723187772,0.944444444444444,32,V3
3615,OG0003614,34,0.333333333333333,0.944444444444444,33,V3
3616,OG0003615,34,0.232310684145723,0.944444444444444,34,V3
3617,OG0003616,34,0.333333333333333,0.944444444444444,33,V3
3618,OG0003617,34,0.232310684145723,0.944444444444444,34,V3
3619,OG0003618,34,0.333333333333333,0.944444444444444,33,V3
3620,OG0003619,34,0.232310684145723,0.944444444444444,34,V3
3621,OG0003620,34,0.333333333333333,0.944444444444444,33,V3
3622,OG0003621,34,0.232310684145723,0.944444444444444,34,V3
3623,OG0003622,34,0.333333333333333,0.944444444444444,33,V3
3626,OG0003625,34,0.333333333333333,0.944444444444444,33,V3
3627,OG0003626,34,0.410187723187772,0.944444444444444,32,V3
3628,OG0003627,34,0.410187723187772,0.944444444444444,32,V3
3629,OG0003628,34,0.232310684145723,0.944444444444444,34,V3
3630,OG0003629,34,0.232310684145723,0.944444444444444,34,V3
3631,OG0003630,34,0.232310684145723,0.944444444444444,34,V3
3632,OG0003631,34,0.333333333333333,0.944444444444444,33,V3
3633,OG0003632,34,0.232310684145723,0.944444444444444,34,V3
3634,OG0003633,34,0.232310684145723,0.944444444444444,34,V3
3635,OG0003634,34,0.333333333333333,0.944444444444444,33,V3
3636,OG0003635,34,0.333333333333333,0.944444444444444,33,V3
3637,OG0003636,34,0.232310684145723,0.944444444444444,34,V3
3638,OG0003637,34,0.474759755451982,0.944444444444444,31,V3
3639,OG0003638,34,0.232310684145723,0.944444444444444,34,V3
3640,OG0003639,34,0.232310684145723,0.944444444444444,34,V3
3641,OG0003640,34,0.333333333333333,0.944444444444444,33,V3
3642,OG0003641,34,0.333333333333333,0.944444444444444,33,V3
3643,OG0003642,34,0.232310684145723,0.944444444444444,34,V3
3644,OG0003643,34,0.232310684145723,0.944444444444444,34,V3
3645,OG0003644,34,0.232310684145723,0.944444444444444,34,V3
3646,OG0003645,34,0.410187723187772,0.944444444444444,32,V3
3647,OG0003646,34,0.232310684145723,0.944444444444444,34,V3
3648,OG0003647,34,0.232310684145723,0.944444444444444,34,V3
3649,OG0003648,34,0.333333333333333,0.944444444444444,33,V3
3650,OG0003649,34,0.232310684145723,0.944444444444444,34,V3
3651,OG0003650,34,0.232310684145723,0.944444444444444,34,V3
3652,OG0003651,34,0.333333333333333,0.944444444444444,33,V3
3653,OG0003652,34,0.232310684145723,0.944444444444444,34,V3
3654,OG0003653,34,0.410187723187772,0.944444444444444,32,V3
3655,OG0003654,34,0.232310684145723,0.944444444444444,34,V3
3657,OG0003656,34,0.333333333333333,0.944444444444444,33,V3
3658,OG0003657,34,0.232310684145723,0.944444444444444,34,V3
3659,OG0003658,34,0.333333333333333,0.944444444444444,33,V3
3660,OG0003659,34,0.232310684145723,0.944444444444444,34,V3
3661,OG0003660,34,0.410187723187772,0.944444444444444,32,V3
3662,OG0003661,34,0.333333333333333,0.944444444444444,33,V3
3663,OG0003662,34,0.232310684145723,0.944444444444444,34,V3
3664,OG0003663,34,0.232310684145723,0.944444444444444,34,V3
3665,OG0003664,34,0.232310684145723,0.944444444444444,34,V3
3666,OG0003665,34,0.410187723187772,0.944444444444444,32,V3
3667,OG0003666,34,0.232310684145723,0.944444444444444,34,V3
3668,OG0003667,34,0.410187723187772,0.944444444444444,32,V3
3669,OG0003668,34,0.232310684145723,0.944444444444444,34,V3
3670,OG0003669,34,0.333333333333333,0.944444444444444,33,V3
3671,OG0003670,34,0.232310684145723,0.944444444444444,34,V3
3672,OG0003671,34,0.410187723187772,0.944444444444444,32,V3
3673,OG0003672,34,0.232310684145723,0.944444444444444,34,V3
3674,OG0003673,34,0.232310684145723,0.944444444444444,34,V3
3675,OG0003674,34,0.232310684145723,0.944444444444444,34,V3
3676,OG0003675,34,0.232310684145723,0.944444444444444,34,V3
3677,OG0003676,34,0.232310684145723,0.944444444444444,34,V3
3679,OG0003678,34,0.232310684145723,0.944444444444444,34,V3
3681,OG0003680,34,0.232310684145723,0.944444444444444,34,V3
3682,OG0003681,34,0.410187723187772,0.944444444444444,32,V3
3683,OG0003682,34,0.232310684145723,0.944444444444444,34,V3
3685,OG0003684,34,0.333333333333333,0.944444444444444,33,V3
3686,OG0003685,34,0.232310684145723,0.944444444444444,34,V3
3687,OG0003686,34,0.333333333333333,0.944444444444444,33,V3
3688,OG0003687,34,0.232310684145723,0.944444444444444,34,V3
3689,OG0003688,34,0.232310684145723,0.944444444444444,34,V3
3690,OG0003689,34,0.333333333333333,0.944444444444444,33,V3
3691,OG0003690,34,0.232310684145723,0.944444444444444,34,V3
3692,OG0003691,34,0.232310684145723,0.944444444444444,34,V3
3693,OG0003692,34,0.232310684145723,0.944444444444444,34,V3
3694,OG0003693,34,0.474759755451982,0.944444444444444,31,V3
3695,OG0003694,34,0.474759755451982,0.944444444444444,31,V3
3696,OG0003695,34,0.333333333333333,0.944444444444444,33,V3
3697,OG0003696,34,0.232310684145723,0.944444444444444,34,V3
3698,OG0003697,34,0.232310684145723,0.944444444444444,34,V3
3699,OG0003698,34,0.232310684145723,0.944444444444444,34,V3
3700,OG0003699,34,0.333333333333333,0.944444444444444,33,V3
3701,OG0003700,34,0.232310684145723,0.944444444444444,34,V3
3702,OG0003701,34,0.410187723187772,0.944444444444444,32,V3
3703,OG0003702,34,0.333333333333333,0.944444444444444,33,V3
3704,OG0003703,34,0.333333333333333,0.944444444444444,33,V3
3705,OG0003704,34,0.232310684145723,0.944444444444444,34,V3
3706,OG0003705,34,0.333333333333333,0.944444444444444,33,V3
3708,OG0003707,34,0.410187723187772,0.944444444444444,32,V3
3710,OG0003709,34,0.232310684145723,0.944444444444444,34,V3
3711,OG0003710,34,0.232310684145723,0.944444444444444,34,V3
3712,OG0003711,34,0.232310684145723,0.944444444444444,34,V3
3713,OG0003712,34,0.410187723187772,0.944444444444444,32,V3
3714,OG0003713,34,0.474759755451982,0.944444444444444,31,V3
3715,OG0003714,34,0.333333333333333,0.944444444444444,33,V3
3716,OG0003715,34,0.232310684145723,0.944444444444444,34,V3
3717,OG0003716,34,0.333333333333333,0.944444444444444,33,V3
3718,OG0003717,34,0.232310684145723,0.944444444444444,34,V3
3719,OG0003718,34,0.232310684145723,0.944444444444444,34,V3
3720,OG0003719,34,0.232310684145723,0.944444444444444,34,V3
3721,OG0003720,34,0.474759755451982,0.944444444444444,31,V3
3722,OG0003721,34,0.410187723187772,0.944444444444444,32,V3
3723,OG0003722,34,0.232310684145723,0.944444444444444,34,V3
3724,OG0003723,34,0.232310684145723,0.944444444444444,34,V3
3726,OG0003725,34,0.333333333333333,0.944444444444444,33,V3
3727,OG0003726,34,0.410187723187772,0.944444444444444,32,V3
3729,OG0003728,34,0.410187723187772,0.944444444444444,32,V3
3730,OG0003729,34,0.232310684145723,0.944444444444444,34,V3
3731,OG0003730,34,0.410187723187772,0.944444444444444,32,V3
3734,OG0003733,34,0.333333333333333,0.944444444444444,33,V3
3736,OG0003735,34,0.333333333333333,0.944444444444444,33,V3
3737,OG0003736,34,0.333333333333333,0.944444444444444,33,V3
3738,OG0003737,34,0.410187723187772,0.944444444444444,32,V3
3740,OG0003739,34,0.474759755451982,0.944444444444444,31,V3
3741,OG0003740,34,0.410187723187772,0.944444444444444,32,V3
3742,OG0003741,34,0.232310684145723,0.944444444444444,34,V3
3744,OG0003743,34,0.232310684145723,0.944444444444444,34,V3
3745,OG0003744,34,0.410187723187772,0.944444444444444,32,V3
3746,OG0003745,34,0.410187723187772,0.944444444444444,32,V3
3747,OG0003746,34,0.474759755451982,0.944444444444444,31,V3
3750,OG0003749,34,0.410187723187772,0.944444444444444,32,V3
3752,OG0003751,34,0.333333333333333,0.944444444444444,33,V3
3754,OG0003753,34,0.410187723187772,0.944444444444444,32,V3
3755,OG0003754,34,0.410187723187772,0.944444444444444,32,V3
3756,OG0003755,34,0.333333333333333,0.944444444444444,33,V3
3757,OG0003756,34,0.232310684145723,0.944444444444444,34,V3
3759,OG0003758,34,0.333333333333333,0.944444444444444,33,V3
3760,OG0003759,34,0.232310684145723,0.944444444444444,34,V3
3761,OG0003760,34,0.232310684145723,0.944444444444444,34,V3
3762,OG0003761,34,0.333333333333333,0.944444444444444,33,V3
3763,OG0003762,34,0.333333333333333,0.944444444444444,33,V3
3764,OG0003763,34,0.232310684145723,0.944444444444444,34,V3
3765,OG0003764,34,0.232310684145723,0.944444444444444,34,V3
3768,OG0003767,34,0.232310684145723,0.944444444444444,34,V3
3770,OG0003769,34,0.333333333333333,0.944444444444444,33,V3
3775,OG0003774,34,0.474759755451982,0.944444444444444,32,V3
3776,OG0003775,34,0.410187723187772,0.944444444444444,32,V3
3790,OG0003789,33,0.43915503282684,0.916666666666667,31,V3
3791,OG0003790,33,0.280305955290694,0.916666666666667,33,V3
3794,OG0003793,33,0.43915503282684,0.916666666666667,31,V3
3795,OG0003794,33,0.368394198806504,0.916666666666667,32,V3
3797,OG0003796,33,0.43915503282684,0.916666666666667,31,V3
3801,OG0003800,33,0.280305955290694,0.916666666666667,33,V3
3803,OG0003802,33,0.43915503282684,0.916666666666667,31,V3
3807,OG0003806,33,0.368394198806504,0.916666666666667,32,V3
3808,OG0003807,33,0.280305955290694,0.916666666666667,33,V3
3809,OG0003808,33,0.43915503282684,0.916666666666667,31,V3
3810,OG0003809,33,0.43915503282684,0.916666666666667,31,V3
3811,OG0003810,33,0.368394198806504,0.916666666666667,32,V3
3812,OG0003811,33,0.368394198806504,0.916666666666667,32,V3
3815,OG0003814,33,0.43915503282684,0.916666666666667,31,V3
3816,OG0003815,33,0.280305955290694,0.916666666666667,33,V3
3818,OG0003817,33,0.368394198806504,0.916666666666667,32,V3
3820,OG0003819,33,0.280305955290694,0.916666666666667,33,V3
3823,OG0003822,33,0.5,0.916666666666667,31,V3
3825,OG0003824,33,0.368394198806504,0.916666666666667,32,V3
3826,OG0003825,33,0.368394198806504,0.916666666666667,32,V3
3827,OG0003826,33,0.280305955290694,0.916666666666667,33,V3
3828,OG0003827,33,0.368394198806504,0.916666666666667,32,V3
3830,OG0003829,33,0.280305955290694,0.916666666666667,33,V3
3832,OG0003831,33,0.43915503282684,0.916666666666667,31,V3
3833,OG0003832,33,0.368394198806504,0.916666666666667,32,V3
3835,OG0003834,33,0.280305955290694,0.916666666666667,33,V3
3836,OG0003835,33,0.280305955290694,0.916666666666667,33,V3
3838,OG0003837,33,0.280305955290694,0.916666666666667,33,V3
3840,OG0003839,33,0.368394198806504,0.916666666666667,32,V3
3841,OG0003840,33,0.280305955290694,0.916666666666667,33,V3
3845,OG0003844,33,0.43915503282684,0.916666666666667,31,V3
3846,OG0003845,33,0.43915503282684,0.916666666666667,31,V3
3847,OG0003846,33,0.280305955290694,0.916666666666667,33,V3
3848,OG0003847,33,0.280305955290694,0.916666666666667,33,V3
3849,OG0003848,33,0.368394198806504,0.916666666666667,32,V3
3850,OG0003849,33,0.280305955290694,0.916666666666667,33,V3
3851,OG0003850,33,0.280305955290694,0.916666666666667,33,V3
3853,OG0003852,33,0.280305955290694,0.916666666666667,33,V3
3854,OG0003853,33,0.368394198806504,0.916666666666667,32,V3
3855,OG0003854,33,0.368394198806504,0.916666666666667,32,V3
3856,OG0003855,33,0.280305955290694,0.916666666666667,33,V3
3858,OG0003857,33,0.368394198806504,0.916666666666667,32,V3
3859,OG0003858,33,0.368394198806504,0.916666666666667,32,V3
3860,OG0003859,33,0.368394198806504,0.916666666666667,32,V3
3861,OG0003860,33,0.368394198806504,0.916666666666667,32,V3
3862,OG0003861,33,0.368394198806504,0.916666666666667,32,V3
3864,OG0003863,33,0.280305955290694,0.916666666666667,33,V3
3865,OG0003864,33,0.280305955290694,0.916666666666667,33,V3
3867,OG0003866,33,0.43915503282684,0.916666666666667,31,V3
3868,OG0003867,33,0.368394198806504,0.916666666666667,32,V3
3871,OG0003870,33,0.280305955290694,0.916666666666667,33,V3
3873,OG0003872,33,0.368394198806504,0.916666666666667,32,V3
3874,OG0003873,33,0.280305955290694,0.916666666666667,33,V3
3875,OG0003874,33,0.368394198806504,0.916666666666667,32,V3
3877,OG0003876,33,0.43915503282684,0.916666666666667,31,V3
3880,OG0003879,33,0.368394198806504,0.916666666666667,32,V3
3881,OG0003880,33,0.43915503282684,0.916666666666667,31,V3
3882,OG0003881,33,0.280305955290694,0.916666666666667,33,V3
3884,OG0003883,33,0.368394198806504,0.916666666666667,32,V3
3885,OG0003884,33,0.280305955290694,0.916666666666667,33,V3
3886,OG0003885,33,0.368394198806504,0.916666666666667,32,V3
3887,OG0003886,33,0.368394198806504,0.916666666666667,32,V3
3890,OG0003889,33,0.280305955290694,0.916666666666667,33,V3
3892,OG0003891,33,0.368394198806504,0.916666666666667,32,V3
3893,OG0003892,33,0.43915503282684,0.916666666666667,31,V3
3894,OG0003893,33,0.280305955290694,0.916666666666667,33,V3
3895,OG0003894,33,0.368394198806504,0.916666666666667,32,V3
3896,OG0003895,33,0.368394198806504,0.916666666666667,32,V3
3899,OG0003898,33,0.43915503282684,0.916666666666667,31,V3
3900,OG0003899,33,0.43915503282684,0.916666666666667,31,V3
3902,OG0003901,33,0.368394198806504,0.916666666666667,32,V3
3903,OG0003902,33,0.368394198806504,0.916666666666667,32,V3
3904,OG0003903,33,0.280305955290694,0.916666666666667,33,V3
3906,OG0003905,33,0.43915503282684,0.916666666666667,31,V3
3907,OG0003906,33,0.368394198806504,0.916666666666667,32,V3
3908,OG0003907,33,0.368394198806504,0.916666666666667,32,V3
3909,OG0003908,33,0.368394198806504,0.916666666666667,32,V3
3910,OG0003909,33,0.368394198806504,0.916666666666667,32,V3
3911,OG0003910,33,0.280305955290694,0.916666666666667,33,V3
3912,OG0003911,33,0.43915503282684,0.916666666666667,31,V3
3913,OG0003912,33,0.280305955290694,0.916666666666667,33,V3
3914,OG0003913,33,0.280305955290694,0.916666666666667,33,V3
3915,OG0003914,33,0.43915503282684,0.916666666666667,31,V3
3917,OG0003916,33,0.280305955290694,0.916666666666667,33,V3
3918,OG0003917,33,0.368394198806504,0.916666666666667,32,V3
3919,OG0003918,33,0.280305955290694,0.916666666666667,33,V3
3920,OG0003919,33,0.368394198806504,0.916666666666667,32,V3
3921,OG0003920,33,0.280305955290694,0.916666666666667,33,V3
3922,OG0003921,33,0.43915503282684,0.916666666666667,31,V3
3923,OG0003922,33,0.368394198806504,0.916666666666667,32,V3
3924,OG0003923,33,0.280305955290694,0.916666666666667,33,V3
3925,OG0003924,33,0.368394198806504,0.916666666666667,32,V3
3926,OG0003925,33,0.5,0.916666666666667,31,V3
3928,OG0003927,33,0.280305955290694,0.916666666666667,33,V3
3929,OG0003928,33,0.280305955290694,0.916666666666667,33,V3
3930,OG0003929,33,0.280305955290694,0.916666666666667,33,V3
3931,OG0003930,33,0.280305955290694,0.916666666666667,33,V3
3932,OG0003931,33,0.43915503282684,0.916666666666667,31,V3
3933,OG0003932,33,0.280305955290694,0.916666666666667,33,V3
3934,OG0003933,33,0.5,0.916666666666667,31,V3
3935,OG0003934,33,0.368394198806504,0.916666666666667,32,V3
3936,OG0003935,33,0.368394198806504,0.916666666666667,32,V3
3937,OG0003936,33,0.280305955290694,0.916666666666667,33,V3
3939,OG0003938,33,0.368394198806504,0.916666666666667,32,V3
3940,OG0003939,33,0.43915503282684,0.916666666666667,31,V3
3942,OG0003941,33,0.368394198806504,0.916666666666667,32,V3
3943,OG0003942,33,0.280305955290694,0.916666666666667,33,V3
3944,OG0003943,33,0.280305955290694,0.916666666666667,33,V3
3945,OG0003944,33,0.280305955290694,0.916666666666667,33,V3
3946,OG0003945,33,0.43915503282684,0.916666666666667,31,V3
3948,OG0003947,33,0.280305955290694,0.916666666666667,33,V3
3949,OG0003948,33,0.43915503282684,0.916666666666667,31,V3
3950,OG0003949,33,0.368394198806504,0.916666666666667,32,V3
3952,OG0003951,33,0.368394198806504,0.916666666666667,32,V3
3953,OG0003952,33,0.43915503282684,0.916666666666667,31,V3
3954,OG0003953,33,0.280305955290694,0.916666666666667,33,V3
3956,OG0003955,33,0.280305955290694,0.916666666666667,33,V3
3957,OG0003956,33,0.280305955290694,0.916666666666667,33,V3
3958,OG0003957,33,0.368394198806504,0.916666666666667,32,V3
3960,OG0003959,33,0.280305955290694,0.916666666666667,33,V3
3961,OG0003960,33,0.43915503282684,0.916666666666667,31,V3
3962,OG0003961,33,0.368394198806504,0.916666666666667,32,V3
3963,OG0003962,33,0.43915503282684,0.916666666666667,31,V3
3964,OG0003963,33,0.368394198806504,0.916666666666667,32,V3
3965,OG0003964,33,0.280305955290694,0.916666666666667,33,V3
3966,OG0003965,33,0.368394198806504,0.916666666666667,32,V3
3967,OG0003966,33,0.280305955290694,0.916666666666667,33,V3
3968,OG0003967,33,0.280305955290694,0.916666666666667,33,V3
3969,OG0003968,33,0.280305955290694,0.916666666666667,33,V3
3970,OG0003969,33,0.43915503282684,0.916666666666667,31,V3
3971,OG0003970,33,0.280305955290694,0.916666666666667,33,V3
3972,OG0003971,33,0.280305955290694,0.916666666666667,33,V3
3973,OG0003972,33,0.43915503282684,0.916666666666667,31,V3
3975,OG0003974,33,0.43915503282684,0.916666666666667,31,V3
3977,OG0003976,33,0.280305955290694,0.916666666666667,33,V3
3979,OG0003978,33,0.368394198806504,0.916666666666667,32,V3
3982,OG0003981,33,0.43915503282684,0.916666666666667,31,V3
3983,OG0003982,33,0.280305955290694,0.916666666666667,33,V3
3984,OG0003983,33,0.43915503282684,0.916666666666667,31,V3
3985,OG0003984,33,0.43915503282684,0.916666666666667,31,V3
3986,OG0003985,33,0.280305955290694,0.916666666666667,33,V3
3987,OG0003986,33,0.43915503282684,0.916666666666667,31,V3
3988,OG0003987,33,0.280305955290694,0.916666666666667,33,V3
3989,OG0003988,33,0.368394198806504,0.916666666666667,32,V3
3990,OG0003989,33,0.43915503282684,0.916666666666667,31,V3
3991,OG0003990,33,0.280305955290694,0.916666666666667,33,V3
3992,OG0003991,33,0.280305955290694,0.916666666666667,33,V3
3993,OG0003992,33,0.280305955290694,0.916666666666667,33,V3
3994,OG0003993,33,0.368394198806504,0.916666666666667,32,V3
3995,OG0003994,33,0.368394198806504,0.916666666666667,32,V3
3997,OG0003996,33,0.280305955290694,0.916666666666667,33,V3
3999,OG0003998,33,0.43915503282684,0.916666666666667,31,V3
4000,OG0003999,33,0.280305955290694,0.916666666666667,33,V3
4001,OG0004000,33,0.43915503282684,0.916666666666667,31,V3
4002,OG0004001,33,0.280305955290694,0.916666666666667,33,V3
4003,OG0004002,33,0.280305955290694,0.916666666666667,33,V3
4004,OG0004003,33,0.368394198806504,0.916666666666667,32,V3
4005,OG0004004,33,0.280305955290694,0.916666666666667,33,V3
4006,OG0004005,33,0.368394198806504,0.916666666666667,32,V3
4007,OG0004006,33,0.280305955290694,0.916666666666667,33,V3
4008,OG0004007,33,0.280305955290694,0.916666666666667,33,V3
4009,OG0004008,33,0.368394198806504,0.916666666666667,32,V3
4010,OG0004009,33,0.368394198806504,0.916666666666667,32,V3
4011,OG0004010,33,0.280305955290694,0.916666666666667,33,V3
4012,OG0004011,33,0.43915503282684,0.916666666666667,31,V3
4013,OG0004012,33,0.5,0.916666666666667,31,V3
4014,OG0004013,33,0.280305955290694,0.916666666666667,33,V3
4015,OG0004014,33,0.280305955290694,0.916666666666667,33,V3
4016,OG0004015,33,0.280305955290694,0.916666666666667,33,V3
4017,OG0004016,33,0.280305955290694,0.916666666666667,33,V3
4018,OG0004017,33,0.368394198806504,0.916666666666667,32,V3
4019,OG0004018,33,0.368394198806504,0.916666666666667,32,V3
4020,OG0004019,33,0.280305955290694,0.916666666666667,33,V3
4022,OG0004021,33,0.280305955290694,0.916666666666667,33,V3
4023,OG0004022,33,0.280305955290694,0.916666666666667,33,V3
4024,OG0004023,33,0.280305955290694,0.916666666666667,33,V3
4025,OG0004024,33,0.368394198806504,0.916666666666667,32,V3
4026,OG0004025,33,0.368394198806504,0.916666666666667,32,V3
4027,OG0004026,33,0.280305955290694,0.916666666666667,33,V3
4028,OG0004027,33,0.280305955290694,0.916666666666667,33,V3
4029,OG0004028,33,0.43915503282684,0.916666666666667,31,V3
4030,OG0004029,33,0.43915503282684,0.916666666666667,31,V3
4031,OG0004030,33,0.368394198806504,0.916666666666667,32,V3
4032,OG0004031,33,0.368394198806504,0.916666666666667,32,V3
4033,OG0004032,33,0.280305955290694,0.916666666666667,33,V3
4034,OG0004033,33,0.280305955290694,0.916666666666667,33,V3
4035,OG0004034,33,0.43915503282684,0.916666666666667,31,V3
4036,OG0004035,33,0.368394198806504,0.916666666666667,32,V3
4038,OG0004037,33,0.280305955290694,0.916666666666667,33,V3
4040,OG0004039,33,0.280305955290694,0.916666666666667,33,V3
4042,OG0004041,33,0.368394198806504,0.916666666666667,32,V3
4043,OG0004042,33,0.280305955290694,0.916666666666667,33,V3
4044,OG0004043,33,0.280305955290694,0.916666666666667,33,V3
4045,OG0004044,33,0.280305955290694,0.916666666666667,33,V3
4046,OG0004045,33,0.280305955290694,0.916666666666667,33,V3
4047,OG0004046,33,0.368394198806504,0.916666666666667,32,V3
4048,OG0004047,33,0.5,0.916666666666667,31,V3
4049,OG0004048,33,0.368394198806504,0.916666666666667,32,V3
4050,OG0004049,33,0.280305955290694,0.916666666666667,33,V3
4051,OG0004050,33,0.280305955290694,0.916666666666667,33,V3
4052,OG0004051,33,0.280305955290694,0.916666666666667,33,V3
4053,OG0004052,33,0.280305955290694,0.916666666666667,33,V3
4055,OG0004054,33,0.280305955290694,0.916666666666667,33,V3
4056,OG0004055,33,0.43915503282684,0.916666666666667,31,V3
4057,OG0004056,33,0.280305955290694,0.916666666666667,33,V3
4058,OG0004057,33,0.368394198806504,0.916666666666667,32,V3
4059,OG0004058,33,0.280305955290694,0.916666666666667,33,V3
4060,OG0004059,33,0.280305955290694,0.916666666666667,33,V3
4061,OG0004060,33,0.280305955290694,0.916666666666667,33,V3
4064,OG0004063,33,0.280305955290694,0.916666666666667,33,V3
4065,OG0004064,33,0.280305955290694,0.916666666666667,33,V3
4066,OG0004065,33,0.368394198806504,0.916666666666667,32,V3
4067,OG0004066,33,0.368394198806504,0.916666666666667,32,V3
4068,OG0004067,33,0.368394198806504,0.916666666666667,32,V3
4069,OG0004068,33,0.43915503282684,0.916666666666667,31,V3
4070,OG0004069,33,0.280305955290694,0.916666666666667,33,V3
4071,OG0004070,33,0.368394198806504,0.916666666666667,32,V3
4072,OG0004071,33,0.280305955290694,0.916666666666667,33,V3
4073,OG0004072,33,0.280305955290694,0.916666666666667,33,V3
4074,OG0004073,33,0.280305955290694,0.916666666666667,33,V3
4075,OG0004074,33,0.43915503282684,0.916666666666667,31,V3
4076,OG0004075,33,0.43915503282684,0.916666666666667,31,V3
4077,OG0004076,33,0.368394198806504,0.916666666666667,32,V3
4078,OG0004077,33,0.280305955290694,0.916666666666667,33,V3
4079,OG0004078,33,0.43915503282684,0.916666666666667,31,V3
4080,OG0004079,33,0.280305955290694,0.916666666666667,33,V3
4081,OG0004080,33,0.368394198806504,0.916666666666667,32,V3
4082,OG0004081,33,0.368394198806504,0.916666666666667,32,V3
4083,OG0004082,33,0.368394198806504,0.916666666666667,32,V3
4084,OG0004083,33,0.368394198806504,0.916666666666667,32,V3
4085,OG0004084,33,0.5,0.916666666666667,31,V3
4086,OG0004085,33,0.280305955290694,0.916666666666667,33,V3
4087,OG0004086,33,0.43915503282684,0.916666666666667,31,V3
4088,OG0004087,33,0.280305955290694,0.916666666666667,33,V3
4089,OG0004088,33,0.280305955290694,0.916666666666667,33,V3
4090,OG0004089,33,0.280305955290694,0.916666666666667,33,V3
4091,OG0004090,33,0.43915503282684,0.916666666666667,31,V3
4092,OG0004091,33,0.280305955290694,0.916666666666667,33,V3
4093,OG0004092,33,0.43915503282684,0.916666666666667,31,V3
4094,OG0004093,33,0.280305955290694,0.916666666666667,33,V3
4095,OG0004094,33,0.280305955290694,0.916666666666667,33,V3
4096,OG0004095,33,0.280305955290694,0.916666666666667,33,V3
4097,OG0004096,33,0.280305955290694,0.916666666666667,33,V3
4099,OG0004098,33,0.280305955290694,0.916666666666667,33,V3
4100,OG0004099,33,0.43915503282684,0.916666666666667,31,V3
4101,OG0004100,33,0.368394198806504,0.916666666666667,32,V3
4102,OG0004101,33,0.280305955290694,0.916666666666667,33,V3
4103,OG0004102,33,0.368394198806504,0.916666666666667,32,V3
4104,OG0004103,33,0.280305955290694,0.916666666666667,33,V3
4105,OG0004104,33,0.280305955290694,0.916666666666667,33,V3
4106,OG0004105,33,0.280305955290694,0.916666666666667,33,V3
4107,OG0004106,33,0.280305955290694,0.916666666666667,33,V3
4108,OG0004107,33,0.280305955290694,0.916666666666667,33,V3
4109,OG0004108,33,0.280305955290694,0.916666666666667,33,V3
4110,OG0004109,33,0.368394198806504,0.916666666666667,32,V3
4111,OG0004110,33,0.280305955290694,0.916666666666667,33,V3
4112,OG0004111,33,0.280305955290694,0.916666666666667,33,V3
4113,OG0004112,33,0.280305955290694,0.916666666666667,33,V3
4114,OG0004113,33,0.280305955290694,0.916666666666667,33,V3
4115,OG0004114,33,0.280305955290694,0.916666666666667,33,V3
4116,OG0004115,33,0.280305955290694,0.916666666666667,33,V3
4117,OG0004116,33,0.280305955290694,0.916666666666667,33,V3
4118,OG0004117,33,0.368394198806504,0.916666666666667,32,V3
4119,OG0004118,33,0.280305955290694,0.916666666666667,33,V3
4120,OG0004119,33,0.368394198806504,0.916666666666667,32,V3
4121,OG0004120,33,0.280305955290694,0.916666666666667,33,V3
4122,OG0004121,33,0.368394198806504,0.916666666666667,32,V3
4123,OG0004122,33,0.280305955290694,0.916666666666667,33,V3
4124,OG0004123,33,0.280305955290694,0.916666666666667,33,V3
4125,OG0004124,33,0.368394198806504,0.916666666666667,32,V3
4126,OG0004125,33,0.280305955290694,0.916666666666667,33,V3
4127,OG0004126,33,0.368394198806504,0.916666666666667,32,V3
4129,OG0004128,33,0.368394198806504,0.916666666666667,32,V3
4130,OG0004129,33,0.368394198806504,0.916666666666667,32,V3
4131,OG0004130,33,0.280305955290694,0.916666666666667,33,V3
4132,OG0004131,33,0.43915503282684,0.916666666666667,31,V3
4133,OG0004132,33,0.280305955290694,0.916666666666667,33,V3
4134,OG0004133,33,0.280305955290694,0.916666666666667,33,V3
4135,OG0004134,33,0.368394198806504,0.916666666666667,32,V3
4136,OG0004135,33,0.280305955290694,0.916666666666667,33,V3
4137,OG0004136,33,0.368394198806504,0.916666666666667,32,V3
4138,OG0004137,33,0.280305955290694,0.916666666666667,33,V3
4139,OG0004138,33,0.280305955290694,0.916666666666667,33,V3
4140,OG0004139,33,0.280305955290694,0.916666666666667,33,V3
4141,OG0004140,33,0.368394198806504,0.916666666666667,32,V3
4142,OG0004141,33,0.280305955290694,0.916666666666667,33,V3
4143,OG0004142,33,0.280305955290694,0.916666666666667,33,V3
4144,OG0004143,33,0.368394198806504,0.916666666666667,32,V3
4145,OG0004144,33,0.280305955290694,0.916666666666667,33,V3
4146,OG0004145,33,0.280305955290694,0.916666666666667,33,V3
4147,OG0004146,33,0.280305955290694,0.916666666666667,33,V3
4148,OG0004147,33,0.368394198806504,0.916666666666667,32,V3
4149,OG0004148,33,0.43915503282684,0.916666666666667,31,V3
4150,OG0004149,33,0.280305955290694,0.916666666666667,33,V3
4151,OG0004150,33,0.280305955290694,0.916666666666667,33,V3
4152,OG0004151,33,0.368394198806504,0.916666666666667,32,V3
4153,OG0004152,33,0.280305955290694,0.916666666666667,33,V3
4154,OG0004153,33,0.43915503282684,0.916666666666667,31,V3
4155,OG0004154,33,0.280305955290694,0.916666666666667,33,V3
4156,OG0004155,33,0.43915503282684,0.916666666666667,31,V3
4157,OG0004156,33,0.280305955290694,0.916666666666667,33,V3
4158,OG0004157,33,0.280305955290694,0.916666666666667,33,V3
4159,OG0004158,33,0.280305955290694,0.916666666666667,33,V3
4160,OG0004159,33,0.280305955290694,0.916666666666667,33,V3
4161,OG0004160,33,0.280305955290694,0.916666666666667,33,V3
4162,OG0004161,33,0.368394198806504,0.916666666666667,32,V3
4163,OG0004162,33,0.280305955290694,0.916666666666667,33,V3
4164,OG0004163,33,0.368394198806504,0.916666666666667,32,V3
4165,OG0004164,33,0.280305955290694,0.916666666666667,33,V3
4166,OG0004165,33,0.280305955290694,0.916666666666667,33,V3
4167,OG0004166,33,0.280305955290694,0.916666666666667,33,V3
4168,OG0004167,33,0.280305955290694,0.916666666666667,33,V3
4169,OG0004168,33,0.280305955290694,0.916666666666667,33,V3
4170,OG0004169,33,0.280305955290694,0.916666666666667,33,V3
4171,OG0004170,33,0.280305955290694,0.916666666666667,33,V3
4172,OG0004171,33,0.5,0.916666666666667,31,V3
4173,OG0004172,33,0.368394198806504,0.916666666666667,32,V3
4174,OG0004173,33,0.280305955290694,0.916666666666667,33,V3
4175,OG0004174,33,0.368394198806504,0.916666666666667,32,V3
4176,OG0004175,33,0.280305955290694,0.916666666666667,33,V3
4177,OG0004176,33,0.368394198806504,0.916666666666667,32,V3
4178,OG0004177,33,0.280305955290694,0.916666666666667,33,V3
4179,OG0004178,33,0.280305955290694,0.916666666666667,33,V3
4180,OG0004179,33,0.280305955290694,0.916666666666667,33,V3
4181,OG0004180,33,0.280305955290694,0.916666666666667,33,V3
4182,OG0004181,33,0.368394198806504,0.916666666666667,32,V3
4183,OG0004182,33,0.280305955290694,0.916666666666667,33,V3
4184,OG0004183,33,0.280305955290694,0.916666666666667,33,V3
4186,OG0004185,33,0.280305955290694,0.916666666666667,33,V3
4187,OG0004186,33,0.368394198806504,0.916666666666667,32,V3
4188,OG0004187,33,0.280305955290694,0.916666666666667,33,V3
4189,OG0004188,33,0.368394198806504,0.916666666666667,32,V3
4190,OG0004189,33,0.43915503282684,0.916666666666667,31,V3
4191,OG0004190,33,0.280305955290694,0.916666666666667,33,V3
4193,OG0004192,33,0.280305955290694,0.916666666666667,33,V3
4194,OG0004193,33,0.280305955290694,0.916666666666667,33,V3
4195,OG0004194,33,0.280305955290694,0.916666666666667,33,V3
4196,OG0004195,33,0.280305955290694,0.916666666666667,33,V3
4197,OG0004196,33,0.280305955290694,0.916666666666667,33,V3
4198,OG0004197,33,0.280305955290694,0.916666666666667,33,V3
4199,OG0004198,33,0.280305955290694,0.916666666666667,33,V3
4200,OG0004199,33,0.280305955290694,0.916666666666667,33,V3
4201,OG0004200,33,0.5,0.916666666666667,31,V3
4202,OG0004201,33,0.280305955290694,0.916666666666667,33,V3
4203,OG0004202,33,0.43915503282684,0.916666666666667,31,V3
4204,OG0004203,33,0.280305955290694,0.916666666666667,33,V3
4205,OG0004204,33,0.5,0.916666666666667,31,V3
4206,OG0004205,33,0.368394198806504,0.916666666666667,32,V3
4207,OG0004206,33,0.280305955290694,0.916666666666667,33,V3
4208,OG0004207,33,0.280305955290694,0.916666666666667,33,V3
4209,OG0004208,33,0.368394198806504,0.916666666666667,32,V3
4210,OG0004209,33,0.368394198806504,0.916666666666667,32,V3
4211,OG0004210,33,0.368394198806504,0.916666666666667,32,V3
4212,OG0004211,33,0.280305955290694,0.916666666666667,33,V3
4213,OG0004212,33,0.43915503282684,0.916666666666667,31,V3
4214,OG0004213,33,0.280305955290694,0.916666666666667,33,V3
4215,OG0004214,33,0.280305955290694,0.916666666666667,33,V3
4216,OG0004215,33,0.280305955290694,0.916666666666667,33,V3
4217,OG0004216,33,0.280305955290694,0.916666666666667,33,V3
4218,OG0004217,33,0.280305955290694,0.916666666666667,33,V3
4219,OG0004218,33,0.280305955290694,0.916666666666667,33,V3
4220,OG0004219,33,0.43915503282684,0.916666666666667,31,V3
4221,OG0004220,33,0.368394198806504,0.916666666666667,32,V3
4222,OG0004221,33,0.280305955290694,0.916666666666667,33,V3
4223,OG0004222,33,0.280305955290694,0.916666666666667,33,V3
4224,OG0004223,33,0.43915503282684,0.916666666666667,31,V3
4226,OG0004225,33,0.43915503282684,0.916666666666667,31,V3
4227,OG0004226,33,0.280305955290694,0.916666666666667,33,V3
4228,OG0004227,33,0.368394198806504,0.916666666666667,32,V3
4229,OG0004228,33,0.280305955290694,0.916666666666667,33,V3
4230,OG0004229,33,0.280305955290694,0.916666666666667,33,V3
4232,OG0004231,33,0.280305955290694,0.916666666666667,33,V3
4233,OG0004232,33,0.280305955290694,0.916666666666667,33,V3
4234,OG0004233,33,0.43915503282684,0.916666666666667,31,V3
4235,OG0004234,33,0.280305955290694,0.916666666666667,33,V3
4236,OG0004235,33,0.280305955290694,0.916666666666667,33,V3
4237,OG0004236,33,0.280305955290694,0.916666666666667,33,V3
4238,OG0004237,33,0.368394198806504,0.916666666666667,32,V3
4239,OG0004238,33,0.280305955290694,0.916666666666667,33,V3
4240,OG0004239,33,0.43915503282684,0.916666666666667,31,V3
4241,OG0004240,33,0.280305955290694,0.916666666666667,33,V3
4242,OG0004241,33,0.280305955290694,0.916666666666667,33,V3
4243,OG0004242,33,0.5,0.916666666666667,31,V3
4244,OG0004243,33,0.368394198806504,0.916666666666667,32,V3
4245,OG0004244,33,0.368394198806504,0.916666666666667,32,V3
4246,OG0004245,33,0.280305955290694,0.916666666666667,33,V3
4247,OG0004246,33,0.368394198806504,0.916666666666667,32,V3
4248,OG0004247,33,0.280305955290694,0.916666666666667,33,V3
4249,OG0004248,33,0.368394198806504,0.916666666666667,32,V3
4251,OG0004250,33,0.280305955290694,0.916666666666667,33,V3
4252,OG0004251,33,0.43915503282684,0.916666666666667,31,V3
4253,OG0004252,33,0.280305955290694,0.916666666666667,33,V3
4254,OG0004253,33,0.280305955290694,0.916666666666667,33,V3
4255,OG0004254,33,0.280305955290694,0.916666666666667,33,V3
4257,OG0004256,33,0.368394198806504,0.916666666666667,32,V3
4258,OG0004257,33,0.280305955290694,0.916666666666667,33,V3
4259,OG0004258,33,0.368394198806504,0.916666666666667,32,V3
4260,OG0004259,33,0.368394198806504,0.916666666666667,32,V3
4262,OG0004261,33,0.280305955290694,0.916666666666667,33,V3
4264,OG0004263,33,0.280305955290694,0.916666666666667,33,V3
4265,OG0004264,33,0.43915503282684,0.916666666666667,31,V3
4266,OG0004265,33,0.280305955290694,0.916666666666667,33,V3
4267,OG0004266,33,0.43915503282684,0.916666666666667,31,V3
4268,OG0004267,33,0.368394198806504,0.916666666666667,32,V3
4269,OG0004268,33,0.368394198806504,0.916666666666667,32,V3
4271,OG0004270,33,0.280305955290694,0.916666666666667,33,V3
4273,OG0004272,33,0.280305955290694,0.916666666666667,33,V3
4274,OG0004273,33,0.368394198806504,0.916666666666667,32,V3
4275,OG0004274,33,0.280305955290694,0.916666666666667,33,V3
4280,OG0004279,33,0.280305955290694,0.916666666666667,33,V3
4282,OG0004281,33,0.5,0.916666666666667,31,V3
4284,OG0004283,33,0.368394198806504,0.916666666666667,32,V3
4286,OG0004285,33,0.280305955290694,0.916666666666667,33,V3
4287,OG0004286,33,0.280305955290694,0.916666666666667,33,V3
4289,OG0004288,33,0.280305955290694,0.916666666666667,33,V3
